cliente_id,nombre_cliente,tipo_cliente,tipo_documento,documento,segmento_cliente,ciudad
1,Vinicio Coello-Nogués,Nuevo,CE,22736879,Personal,Lima
2,María Fernanda Fortunata Caparrós Lamas,Nuevo,RUC,14752475,Personal,Cusco
3,Esteban Cabrero Sevilla,Nuevo,RUC,76648433,Empresarial,Tacna
4,Eloísa del Bosch,Recurrente,DNI,32112492,Empresarial,Piura
5,Lina Consuelo Sandoval Santos,Nuevo,CE,16356771,Empresarial,Arequipa
6,Soraya Javiera Ochoa Moll,Nuevo,CE,40329556,Pyme,Cusco
7,Celestina Martín Rius,Nuevo,RUC,86076567,Empresarial,Chiclayo
8,Domingo Mesa Bello,Nuevo,CE,92878749,Empresarial,Lima
9,Cecilia Vizcaíno Segarra,Nuevo,DNI,60976942,Empresarial,Huancayo
10,Modesto Campos,Recurrente,DNI,96950776,Personal,Puno
11,Ámbar Meléndez Baena,Recurrente,DNI,88474991,Pyme,Tacna
12,Claudio Alfonso-Vallés,Recurrente,CE,93005119,Empresarial,Trujillo
13,Joel Borrell Zorrilla,Recurrente,DNI,5557029,Personal,Iquitos
14,Jerónimo Bernad Vall,Recurrente,CE,46011183,Pyme,Huancayo
15,Ismael Arellano Niño,Recurrente,RUC,84383328,Personal,Trujillo
16,Edu González Alfaro,Recurrente,DNI,92683134,Personal,Arequipa
17,Leonor Torrijos Gallo,Nuevo,CE,29676707,Personal,Huancayo
18,Rita Yolanda Vendrell Ribera,Nuevo,RUC,80842439,Empresarial,Puno
19,María Luisa Cano Peñas,Recurrente,CE,57036065,Empresarial,Iquitos
20,María Cristina del Montesinos,Nuevo,CE,35585488,Pyme,Arequipa
21,Maxi León Sureda,Recurrente,CE,75873335,Empresarial,Arequipa
22,Manuel Alarcón Torre,Recurrente,RUC,30545298,Personal,Tacna
23,José Luis Coello Marti,Nuevo,CE,55728462,Pyme,Chiclayo
24,Abril Odalis Gomila Batalla,Nuevo,CE,9294659,Personal,Chiclayo
25,Anunciación Peña Catalán,Nuevo,DNI,24165374,Empresarial,Trujillo
26,Zaira Ripoll Vargas,Nuevo,CE,11509670,Empresarial,Tacna
27,Dan Leon Carreras,Nuevo,DNI,14465903,Empresarial,Chiclayo
28,Trini Campoy Bravo,Nuevo,DNI,73904189,Personal,Puno
29,Román del Cortes,Nuevo,DNI,31443703,Pyme,Tacna
30,Gala Cabanillas Vaquero,Nuevo,CE,98493927,Personal,Trujillo
31,Águeda Escamilla Sanz,Recurrente,CE,15346631,Personal,Chiclayo
32,Pelayo Melero Madrid,Recurrente,DNI,86315420,Pyme,Cusco
33,Pancho Bastida,Recurrente,RUC,80890331,Pyme,Piura
34,Ceferino Oliver Garcés,Recurrente,CE,51878325,Empresarial,Arequipa
35,Octavio Checa,Nuevo,DNI,29189026,Personal,Piura
36,Prudencio Toro Tormo,Nuevo,CE,34015815,Pyme,Cusco
37,Manuela Jover Losada,Nuevo,DNI,69723703,Personal,Lima
38,Jordi Ocaña-Canet,Nuevo,DNI,65413192,Personal,Piura
39,Ángel del Rebollo,Nuevo,CE,78031748,Personal,Chiclayo
40,Guiomar Saavedra Casals,Recurrente,DNI,99368295,Pyme,Trujillo
41,Valentín de García,Recurrente,DNI,62223743,Empresarial,Huancayo
42,Glauco Saez Madrid,Nuevo,DNI,77381480,Personal,Huancayo
43,Consuela Bayona,Recurrente,RUC,94152545,Empresarial,Tacna
44,Asdrubal Gimeno Daza,Nuevo,CE,44185899,Pyme,Arequipa
45,Claudio Cañizares Zapata,Nuevo,RUC,84957780,Pyme,Piura
46,Luisa Feijoo,Nuevo,DNI,70845547,Personal,Cusco
47,Guiomar del Tejero,Recurrente,DNI,30044295,Empresarial,Trujillo
48,Adrián Carreras Sureda,Recurrente,RUC,93956466,Personal,Arequipa
49,Emiliano Miralles-Abril,Recurrente,CE,77907084,Personal,Lima
50,Georgina Riera Casanova,Nuevo,DNI,15174982,Personal,Trujillo
51,Fausto Pizarro Gilabert,Recurrente,RUC,12056742,Empresarial,Cusco
52,Cruz Montserrat Villegas,Recurrente,DNI,49306437,Personal,Huancayo
53,Angelita Hernández Serna,Nuevo,RUC,84863267,Empresarial,Tacna
54,Marc Benito Zaragoza,Recurrente,RUC,81014565,Pyme,Iquitos
55,Íngrid de Bellido,Recurrente,DNI,39075299,Personal,Chiclayo
56,Vera Rey-Arana,Nuevo,DNI,33274726,Pyme,Iquitos
57,Fortunato Guadalupe Lerma Rosado,Nuevo,CE,81700772,Empresarial,Lima
58,Georgina Larrañaga Alvarado,Nuevo,CE,56302125,Empresarial,Iquitos
59,Luis Ignacio Alberdi Ordóñez,Nuevo,DNI,28130311,Pyme,Arequipa
60,Marta Reina Tamarit Rivera,Nuevo,DNI,49000065,Pyme,Arequipa
61,Aníbal Ricart-Campillo,Nuevo,RUC,45311735,Personal,Puno
62,Perlita Prieto Valle,Nuevo,CE,5148160,Pyme,Lima
63,Javi Piquer-Sebastián,Nuevo,RUC,65734129,Pyme,Puno
64,Rafael Villanueva Porras,Recurrente,RUC,14176219,Personal,Piura
65,Andrés Uriarte,Nuevo,RUC,35201428,Empresarial,Trujillo
66,Morena del Abellán,Recurrente,RUC,83137813,Empresarial,Arequipa
67,Manu Galvez Pedraza,Nuevo,RUC,98546094,Pyme,Puno
68,Elvira Esmeralda Arrieta Mosquera,Nuevo,DNI,24138888,Pyme,Cusco
69,Pastora Alegria Calvet,Recurrente,DNI,63278963,Empresarial,Arequipa
70,Eduardo Bermejo Bauzà,Nuevo,RUC,77314524,Empresarial,Trujillo
71,Luís Muñoz Atienza,Recurrente,CE,39099008,Pyme,Chiclayo
72,Antonio Lillo Garzón,Nuevo,CE,20728956,Pyme,Chiclayo
73,Alcides Salmerón Pons,Nuevo,DNI,76641665,Empresarial,Arequipa
74,Sebastián Sergio Cervera Agullo,Nuevo,CE,52824531,Pyme,Trujillo
75,Amelia Ribera,Recurrente,RUC,86962941,Pyme,Cusco
76,Graciela Moll Carnero,Recurrente,DNI,92434594,Pyme,Chiclayo
77,Desiderio Quesada Escalona,Recurrente,RUC,46727985,Personal,Arequipa
78,Gustavo Acuña Juliá,Recurrente,RUC,80910822,Personal,Lima
79,Eva Giner Fortuny,Recurrente,DNI,98794304,Pyme,Chiclayo
80,Florentina Sierra Querol,Nuevo,CE,83295602,Empresarial,Iquitos
81,Ciro Belmonte Gisbert,Recurrente,CE,32691171,Personal,Arequipa
82,Leoncio Bosch Jover,Nuevo,CE,72306010,Personal,Iquitos
83,Paola Raya Múñiz,Nuevo,RUC,52933754,Pyme,Iquitos
84,Baltasar Gonzalez Mate,Nuevo,RUC,17086311,Personal,Lima
85,Adrián Rojas-Ballesteros,Recurrente,RUC,60639247,Personal,Piura
86,Luis Barrena Rey,Nuevo,CE,60182339,Personal,Arequipa
87,Alcides Agullo,Recurrente,CE,86835947,Empresarial,Puno
88,Cruz Pallarès,Nuevo,DNI,2671203,Personal,Trujillo
89,Alberto Régulo Valencia Roldán,Recurrente,DNI,71882382,Personal,Piura
90,Erasmo Parejo-Ferrández,Recurrente,CE,53997583,Pyme,Cusco
91,María Belén Moraleda-Leon,Recurrente,DNI,44127945,Pyme,Arequipa
92,Jafet Patiño Ferrera,Recurrente,DNI,3081084,Empresarial,Cusco
93,Dorita España Mariscal,Nuevo,RUC,29517331,Empresarial,Chiclayo
94,Nazaret Ortiz Soler,Nuevo,DNI,40046809,Personal,Cusco
95,Eulalia Roman Quiroga,Recurrente,RUC,39753441,Empresarial,Arequipa
96,Noemí Guijarro Castelló,Recurrente,RUC,89327730,Pyme,Iquitos
97,Salomé Gras Moliner,Recurrente,CE,77955995,Pyme,Piura
98,Rocío Sales Franco,Nuevo,DNI,17631030,Empresarial,Trujillo
99,Candela Maldonado Coll,Recurrente,DNI,97362596,Personal,Puno
100,Matilde de Lastra,Recurrente,RUC,54040184,Pyme,Piura
101,Aníbal Blanco Carrasco,Recurrente,CE,59834519,Pyme,Arequipa
102,Chita Macías-Arroyo,Recurrente,CE,38303318,Personal,Chiclayo
103,Eloy Alba Sainz,Nuevo,CE,98336549,Empresarial,Lima
104,Luis Ángel de Galiano,Nuevo,RUC,73190096,Empresarial,Arequipa
105,Clímaco Barriga Infante,Recurrente,CE,61368951,Empresarial,Arequipa
106,Gregorio Asenjo-Valle,Recurrente,CE,41172247,Empresarial,Huancayo
107,Esmeralda Sobrino Portillo,Recurrente,RUC,6211819,Pyme,Chiclayo
108,José Manuel Isern Ribes,Nuevo,DNI,70598414,Empresarial,Huancayo
109,Pacífica Guillén Lillo,Nuevo,CE,97173061,Pyme,Chiclayo
110,Cristina Galan-Acuña,Recurrente,CE,78689386,Personal,Chiclayo
111,Francisco Jose Ortega Diaz,Recurrente,DNI,36391816,Empresarial,Puno
112,María Carmen de Anaya,Recurrente,RUC,44744586,Empresarial,Tacna
113,Apolinar Herranz Palma,Nuevo,CE,73790997,Empresarial,Trujillo
114,Tere Becerra Llanos,Nuevo,RUC,41732973,Pyme,Puno
115,Pepita Trujillo Cobos,Recurrente,DNI,8094493,Personal,Chiclayo
116,Severo Vidal Perera Pujadas,Nuevo,DNI,17315872,Personal,Lima
117,Alicia Villalonga Belda,Nuevo,DNI,50000738,Empresarial,Puno
118,Lucía Zabala,Nuevo,RUC,54066833,Empresarial,Puno
119,Violeta Anguita Navarro,Nuevo,CE,51290761,Pyme,Huancayo
120,Reyes del Flor,Recurrente,RUC,31207306,Personal,Trujillo
121,Zaira Iniesta Casanovas,Nuevo,DNI,23646416,Empresarial,Cusco
122,Anunciación Cintia Julián Clemente,Nuevo,CE,66316016,Pyme,Tacna
123,Marta Ana Sofía Vázquez Calzada,Nuevo,CE,49584449,Personal,Arequipa
124,Dalila Ainoa Llorens Iñiguez,Recurrente,DNI,55391646,Empresarial,Iquitos
125,Albina Espinosa,Recurrente,RUC,8497784,Pyme,Iquitos
126,Emiliano Pereira,Recurrente,CE,4006584,Empresarial,Trujillo
127,Nazario del Olmedo,Recurrente,RUC,39610759,Empresarial,Cusco
128,Atilio Miranda,Recurrente,CE,83315281,Empresarial,Cusco
129,Etelvina Campoy Mendizábal,Recurrente,RUC,32100135,Personal,Chiclayo
130,Ramón Galindo,Nuevo,RUC,98232317,Empresarial,Piura
131,Gracia Albero González,Nuevo,DNI,33424084,Personal,Cusco
132,María Pino Carrillo,Recurrente,CE,16646605,Personal,Cusco
133,Catalina Higueras,Nuevo,RUC,27429723,Empresarial,Piura
134,Caridad Elba Piña Rincón,Recurrente,RUC,74860094,Personal,Cusco
135,Ulises Teruel,Recurrente,RUC,72593575,Pyme,Lima
136,Dominga Figueroa Mata,Recurrente,RUC,85094871,Personal,Piura
137,Rodrigo Angulo Nieto,Recurrente,RUC,90992802,Empresarial,Iquitos
138,Nando José Luis Exposito Seguí,Nuevo,RUC,77839470,Personal,Chiclayo
139,Maximino Vinicio Barriga Zaragoza,Recurrente,RUC,32505025,Personal,Huancayo
140,Sergio Giménez Miralles,Recurrente,CE,89973648,Pyme,Huancayo
141,Itziar Aroca-Armas,Nuevo,RUC,85189004,Personal,Puno
142,Anselma Borrás Huertas,Nuevo,RUC,41639038,Pyme,Puno
143,Azeneth Santamaria Hervás,Nuevo,DNI,36886416,Pyme,Huancayo
144,Alondra Osuna Cano,Nuevo,RUC,94730318,Personal,Lima
145,Bienvenida Tenorio-Pedro,Recurrente,RUC,69573101,Empresarial,Cusco
146,Obdulia Oliva Fuente,Recurrente,RUC,36386964,Empresarial,Huancayo
147,Lucio de Oliver,Recurrente,RUC,96556166,Empresarial,Arequipa
148,Dani Mercader Vilalta,Recurrente,DNI,83332695,Pyme,Iquitos
149,Eugenia Escolano-Crespi,Nuevo,RUC,33832602,Personal,Arequipa
150,Juan Antonio Mendez Tejedor,Nuevo,DNI,72742061,Personal,Cusco
151,María Ríos Barón,Nuevo,CE,71133558,Personal,Cusco
152,Vicente Galvez Rodrigo,Nuevo,RUC,5600552,Pyme,Arequipa
153,Obdulia de Yuste,Nuevo,RUC,64212753,Pyme,Chiclayo
154,Román Perales Espinosa,Recurrente,DNI,43216158,Pyme,Puno
155,Yago Albino Bermudez Aguilera,Nuevo,DNI,67642138,Empresarial,Arequipa
156,Marc Carrión Pazos,Nuevo,RUC,34471140,Pyme,Huancayo
157,Odalis Esteve Guillen,Recurrente,CE,58548999,Personal,Arequipa
158,Elías Martínez Rozas,Nuevo,DNI,95623453,Pyme,Chiclayo
159,Inés Falcón Sosa,Nuevo,CE,50323433,Personal,Piura
160,Etelvina Cal Giner,Recurrente,CE,71974617,Empresarial,Arequipa
161,Silvio Puente-Ayllón,Recurrente,DNI,77790795,Empresarial,Tacna
162,Morena Herrero Alsina,Nuevo,RUC,81643046,Empresarial,Tacna
163,Ariel Barrena Blanco,Nuevo,RUC,11100834,Personal,Iquitos
164,Javiera de Jaén,Recurrente,CE,45316983,Pyme,Tacna
165,Anselmo Rebollo Morillo,Recurrente,RUC,22262790,Pyme,Puno
166,Arsenio del Valls,Recurrente,RUC,89089028,Personal,Arequipa
167,Gaspar del Roig,Recurrente,RUC,5005942,Personal,Tacna
168,Nidia Alarcón Yuste,Recurrente,RUC,87571987,Personal,Tacna
169,Marcio Villanueva Gomez,Recurrente,DNI,94256057,Empresarial,Cusco
170,Concepción Cadenas Borrell,Recurrente,RUC,9534638,Empresarial,Chiclayo
171,Perlita Valenzuela Egea,Recurrente,CE,27086848,Personal,Iquitos
172,Édgar Rico Recio,Nuevo,DNI,9309096,Personal,Huancayo
173,Pascuala Angulo Esparza,Recurrente,CE,48200350,Personal,Tacna
174,Tecla Ballester Tudela,Recurrente,RUC,38201269,Personal,Arequipa
175,Jose Antonio Abascal Hernandez,Recurrente,DNI,77683268,Empresarial,Cusco
176,Adela Cortina-Mendoza,Recurrente,CE,84820957,Pyme,Piura
177,Eulalia Apolonia Planas Vives,Recurrente,CE,32295945,Pyme,Piura
178,Ambrosio Echeverría-Sevilla,Recurrente,CE,40747003,Pyme,Piura
179,Nereida Barroso Ferreras,Recurrente,CE,76635633,Empresarial,Chiclayo
180,Graciela Ibañez-Novoa,Recurrente,RUC,9741903,Personal,Arequipa
181,Áurea Olivera,Nuevo,RUC,12897161,Personal,Iquitos
182,Anna Segura Roman,Nuevo,DNI,10254123,Personal,Tacna
183,Urbano del Menéndez,Recurrente,CE,99020551,Pyme,Iquitos
184,Teobaldo del Campillo,Recurrente,DNI,96961815,Personal,Chiclayo
185,Arcelia de Roca,Nuevo,RUC,60363786,Personal,Chiclayo
186,Albino Cáceres,Nuevo,CE,71239143,Pyme,Trujillo
187,Nando Jurado Requena,Recurrente,DNI,9951045,Personal,Iquitos
188,Jacinta Carina Checa Gimenez,Recurrente,CE,77840395,Personal,Tacna
189,Irene Becerra Verdugo,Nuevo,DNI,77667009,Pyme,Chiclayo
190,Flor Uribe Huguet,Recurrente,RUC,97289702,Empresarial,Piura
191,Diana Paz Marti,Nuevo,DNI,55768471,Empresarial,Tacna
192,Fabián Cifuentes López,Nuevo,DNI,55830992,Empresarial,Tacna
193,Piedad Heredia,Nuevo,CE,11790189,Pyme,Lima
194,Francisco Macario Peláez Piñeiro,Nuevo,DNI,25937853,Pyme,Chiclayo
195,Susana Ibáñez Maza,Nuevo,DNI,8283848,Personal,Iquitos
196,Carmelo Roman Verdugo,Recurrente,CE,327801,Pyme,Puno
197,Rafael Hidalgo Tomás,Nuevo,CE,99628524,Empresarial,Tacna
198,Marino Uría Talavera,Recurrente,RUC,48292042,Pyme,Huancayo
199,Nicolasa Saavedra Roselló,Recurrente,CE,66740836,Pyme,Lima
200,Mario José María Cortina Font,Nuevo,DNI,66697485,Pyme,Cusco
201,Gil Ruperto Atienza Cañas,Recurrente,CE,28839840,Personal,Trujillo
202,Gustavo Torrent Duque,Nuevo,DNI,93563967,Pyme,Arequipa
203,Amando del Olmo,Nuevo,DNI,61246501,Empresarial,Tacna
204,Chelo Antúnez Aller,Recurrente,RUC,16186527,Personal,Cusco
205,Porfirio Mendez Alfaro,Recurrente,CE,73475900,Empresarial,Tacna
206,Perlita Casado Mármol,Nuevo,CE,15327083,Personal,Chiclayo
207,Galo Galván-Llobet,Nuevo,RUC,71151646,Personal,Iquitos
208,Tecla Nieves Rey Bermudez,Nuevo,CE,66280927,Personal,Chiclayo
209,Sigfrido Marqués Linares,Nuevo,DNI,50839276,Personal,Trujillo
210,David Villanueva Raya,Recurrente,CE,62448050,Pyme,Puno
211,Bárbara Lozano Vidal,Recurrente,RUC,94345034,Personal,Tacna
212,Ana Sofía Alegria Marin,Recurrente,CE,22506497,Empresarial,Chiclayo
213,Guadalupe Hoz Tirado,Recurrente,RUC,38582053,Personal,Puno
214,Blas Nieto-Perelló,Nuevo,RUC,19682258,Pyme,Piura
215,Amílcar Ramis Vicens,Recurrente,DNI,54345944,Personal,Cusco
216,Osvaldo Molina Jurado,Nuevo,CE,24677554,Empresarial,Puno
217,Amado Borja-Maza,Nuevo,DNI,71735085,Empresarial,Iquitos
218,Herberto Villegas Barragán,Recurrente,RUC,96558313,Personal,Puno
219,Gustavo Ibarra Doménech,Recurrente,CE,8133703,Empresarial,Arequipa
220,Débora Castell-Olmo,Recurrente,RUC,1019134,Empresarial,Piura
221,Eligia Vergara Bárcena,Recurrente,CE,23755370,Personal,Trujillo
222,Odalys Patiño Tomé,Recurrente,RUC,55411182,Pyme,Tacna
223,Eduardo de Riba,Recurrente,CE,82099716,Empresarial,Iquitos
224,Severo Soriano Viana,Nuevo,RUC,37276074,Personal,Piura
225,Ramón Zapata-Clemente,Recurrente,RUC,36845895,Personal,Huancayo
226,Jose Angel Báez-Catalá,Nuevo,CE,63798556,Pyme,Tacna
227,Raquel Quiroga-Llopis,Recurrente,DNI,41027031,Personal,Iquitos
228,Donato Leocadio Vendrell Galiano,Recurrente,CE,52413334,Empresarial,Tacna
229,Leticia Vizcaíno Camino,Nuevo,DNI,54477667,Empresarial,Iquitos
230,Ruben Milla Trujillo,Nuevo,RUC,605657,Empresarial,Tacna
231,Cebrián Bolaños Sevillano,Nuevo,DNI,50244955,Pyme,Puno
232,Ariadna Iglesias Villena,Nuevo,CE,66245361,Personal,Chiclayo
233,Rogelio Cardona,Nuevo,CE,26987448,Empresarial,Arequipa
234,Filomena Sainz Linares,Nuevo,DNI,5634599,Empresarial,Arequipa
235,Félix Gilabert Jover,Nuevo,RUC,99753552,Pyme,Chiclayo
236,María José Giner,Recurrente,RUC,60884913,Empresarial,Tacna
237,Reinaldo Suarez-Cruz,Nuevo,RUC,26108401,Pyme,Trujillo
238,Águeda Murillo Talavera,Recurrente,DNI,93703442,Pyme,Iquitos
239,Nacho Céspedes,Nuevo,DNI,96314024,Empresarial,Huancayo
240,Loreto Vilalta Riquelme,Recurrente,CE,44273412,Empresarial,Lima
241,María Teresa de Palma,Recurrente,CE,33018080,Empresarial,Puno
242,Ceferino Perelló Sarmiento,Recurrente,DNI,71613375,Empresarial,Iquitos
243,Ángeles de Mayoral,Recurrente,RUC,91667280,Empresarial,Iquitos
244,Carlos del Bayo,Recurrente,RUC,93593083,Empresarial,Cusco
245,Desiderio Carpio Barragán,Nuevo,CE,10508108,Empresarial,Cusco
246,Victor Espejo Hernando,Recurrente,DNI,19450865,Empresarial,Tacna
247,Francisco Javier Jose Ramón Vallés Cadenas,Recurrente,RUC,73062546,Pyme,Trujillo
248,Melisa del Ochoa,Recurrente,DNI,6249568,Personal,Iquitos
249,Edu Valero-Valderrama,Recurrente,DNI,93910698,Empresarial,Arequipa
250,Onofre Talavera-Escalona,Recurrente,DNI,99987904,Pyme,Trujillo
251,Dorotea Trillo Rodríguez,Recurrente,CE,60613786,Personal,Arequipa
252,Berto Río Echeverría,Recurrente,RUC,27741546,Empresarial,Puno
253,Cintia Rovira Paniagua,Recurrente,CE,9431939,Personal,Piura
254,Juan Francisco Portero Ros,Recurrente,RUC,953765,Pyme,Tacna
255,Ambrosio Pina Piquer,Nuevo,CE,15332373,Personal,Cusco
256,Joel Bautista Ariño,Recurrente,DNI,27697028,Pyme,Arequipa
257,Marita Mendoza Portero,Recurrente,DNI,41377511,Pyme,Arequipa
258,Ernesto Rodríguez Bonet,Recurrente,DNI,30955874,Pyme,Chiclayo
259,Ámbar Fortuny Jover,Nuevo,DNI,16162609,Empresarial,Lima
260,Teófila Casas López,Recurrente,RUC,10610351,Empresarial,Huancayo
261,Tadeo Agudo Ojeda,Nuevo,DNI,22903914,Pyme,Huancayo
262,Fortunato de Piña,Nuevo,DNI,33788324,Personal,Arequipa
263,Teófilo Amo Ariño,Recurrente,CE,48217247,Pyme,Cusco
264,Felisa Gordillo Collado,Recurrente,CE,85987694,Personal,Cusco
265,Ximena Ángel Martorell,Recurrente,CE,34262439,Empresarial,Tacna
266,Zoraida Cazorla Uribe,Recurrente,CE,94799413,Personal,Tacna
267,Pili Revilla Linares,Recurrente,CE,37176901,Pyme,Trujillo
268,Guadalupe Silvestre Lledó Lago,Nuevo,RUC,79786436,Empresarial,Puno
269,Jovita Carballo Estévez,Recurrente,CE,66284584,Empresarial,Chiclayo
270,Sofía Jara Tapia,Recurrente,RUC,52467187,Personal,Huancayo
271,Teodora Montes Esteve,Recurrente,DNI,21732544,Personal,Huancayo
272,Gil Tamarit,Recurrente,CE,49757022,Empresarial,Chiclayo
273,Glauco Abella,Nuevo,CE,41614427,Empresarial,Chiclayo
274,Felipa Arranz Pardo,Nuevo,CE,57066168,Pyme,Lima
275,Eutimio López-Iñiguez,Recurrente,RUC,60450861,Personal,Puno
276,Plácido Miralles-Chacón,Recurrente,DNI,97652140,Pyme,Cusco
277,José Mari Hervás Saez,Recurrente,CE,22278963,Pyme,Trujillo
278,Álvaro Solsona Luna,Nuevo,CE,25808081,Pyme,Lima
279,Ligia Cerezo Borrego,Recurrente,RUC,51783966,Personal,Puno
280,Pío Guitart Prado,Recurrente,CE,30397903,Personal,Arequipa
281,Juana Bárbara Tena Pareja,Recurrente,RUC,98506303,Pyme,Huancayo
282,Sabas Alsina Ríos,Nuevo,DNI,57714054,Personal,Iquitos
283,Ana Sofía Espinosa Echevarría,Recurrente,CE,67890179,Pyme,Chiclayo
284,Espiridión Sevillano Abella,Nuevo,RUC,44137798,Empresarial,Chiclayo
285,Domingo Bosch Isern,Recurrente,DNI,48878034,Empresarial,Arequipa
286,Gracia Segovia,Nuevo,DNI,334567,Pyme,Huancayo
287,Natividad Almeida,Recurrente,DNI,10338290,Empresarial,Lima
288,Julián Lastra Jaume,Recurrente,CE,1335056,Personal,Tacna
289,Emma Arcos Pujadas,Recurrente,CE,18654792,Pyme,Chiclayo
290,Narcisa Piñeiro González,Recurrente,CE,71160905,Empresarial,Arequipa
291,Tatiana Iniesta Tomas,Nuevo,RUC,85488569,Personal,Puno
292,Zacarías Bas-Carreras,Recurrente,CE,12090187,Personal,Arequipa
293,Bonifacio Palomar-Rivas,Recurrente,CE,33415460,Empresarial,Huancayo
294,Elodia de Verdejo,Nuevo,DNI,51646066,Personal,Lima
295,Aránzazu Quero,Recurrente,RUC,21322876,Personal,Arequipa
296,Angelita Sánchez Castillo,Nuevo,CE,54124370,Personal,Huancayo
297,Anna Moll-Ibarra,Recurrente,RUC,46864363,Pyme,Iquitos
298,Joaquina Aranda-Quero,Recurrente,CE,43571756,Pyme,Trujillo
299,Miguel Ángel del Navas,Recurrente,CE,58801672,Personal,Tacna
300,Noemí Marti,Recurrente,RUC,19740712,Personal,Piura
301,Morena Arias Robledo,Nuevo,RUC,65002765,Empresarial,Cusco
302,Álvaro Sanjuan Domingo,Recurrente,DNI,60807166,Pyme,Piura
303,Juanito Peñalver Calatayud,Recurrente,DNI,47087731,Empresarial,Chiclayo
304,Aránzazu Fuentes-Villalonga,Nuevo,DNI,81761611,Empresarial,Arequipa
305,Asunción Casares Abellán,Nuevo,CE,91853568,Pyme,Puno
306,Ricardo Borrás-Ferrero,Nuevo,DNI,30961196,Empresarial,Cusco
307,Clotilde Pelayo Losada,Nuevo,CE,68643823,Personal,Arequipa
308,Danilo Barragán Malo,Nuevo,CE,17606990,Personal,Cusco
309,Ruperto Calvo Andres,Recurrente,DNI,24061930,Pyme,Lima
310,Jose Angel Robledo Gabaldón,Recurrente,DNI,11534454,Personal,Iquitos
311,Tito Nebot-Belmonte,Recurrente,DNI,74871779,Personal,Lima
312,Carmelita Collado Beltrán,Nuevo,DNI,13357124,Empresarial,Cusco
313,Santiago Vaquero Riera,Recurrente,DNI,18817690,Personal,Chiclayo
314,Lucas Carlos Abellán,Nuevo,DNI,9455102,Pyme,Huancayo
315,Elvira Cuenca Narváez,Nuevo,CE,36886421,Personal,Tacna
316,Manu Peña-Guerrero,Recurrente,RUC,76292098,Pyme,Puno
317,Noemí Madrid Carballo,Nuevo,RUC,48163628,Pyme,Cusco
318,Sonia Toledo-Barrena,Nuevo,CE,12229477,Pyme,Iquitos
319,Ibán Carlos Reig,Recurrente,RUC,88937150,Pyme,Lima
320,Benigna Ágata Vidal Pi,Nuevo,RUC,14089100,Empresarial,Huancayo
321,Baudelio de Tolosa,Nuevo,RUC,45018148,Pyme,Tacna
322,Fátima Poza Arenas,Nuevo,DNI,83377286,Empresarial,Puno
323,Tadeo Villegas Luís,Nuevo,DNI,39310163,Personal,Chiclayo
324,Cristóbal Sarmiento-Tejada,Recurrente,RUC,93586886,Pyme,Iquitos
325,Graciana de Valero,Recurrente,RUC,41434967,Pyme,Puno
326,Epifanio Niño-Gilabert,Recurrente,DNI,14054407,Pyme,Arequipa
327,Gracia Moreno-Costa,Nuevo,RUC,24548306,Empresarial,Cusco
328,Bernardita del Pont,Recurrente,RUC,21004137,Empresarial,Huancayo
329,Mónica Real-Parra,Recurrente,CE,69467547,Personal,Piura
330,Mariano Cuesta Gonzalez,Recurrente,RUC,47528497,Pyme,Chiclayo
331,Horacio Montesinos Coca,Recurrente,DNI,48406514,Pyme,Tacna
332,Abraham Leiva Frías,Nuevo,DNI,29073739,Personal,Arequipa
333,Griselda Bonilla Tirado,Recurrente,DNI,68374724,Pyme,Piura
334,Paca Barral Coca,Nuevo,CE,69285578,Personal,Puno
335,Régulo Cisneros Menéndez,Recurrente,CE,87064518,Personal,Huancayo
336,Piedad Gascón Mínguez,Recurrente,CE,93310933,Empresarial,Lima
337,Filomena Valenzuela Jordá,Recurrente,CE,99698267,Empresarial,Piura
338,Reyes Yuste Barón,Nuevo,CE,69443684,Pyme,Cusco
339,Gloria Cortés Nevado,Nuevo,CE,74059393,Empresarial,Cusco
340,Carmela González Gascón,Nuevo,RUC,41089393,Pyme,Piura
341,Ángel Maza Gaya,Nuevo,RUC,50868248,Pyme,Cusco
342,Eliana del Leal,Recurrente,CE,63173095,Pyme,Puno
343,Eusebio Verdú Abril,Nuevo,CE,43743647,Pyme,Chiclayo
344,Paco Olivares-Garriga,Nuevo,DNI,30843369,Empresarial,Chiclayo
345,Asdrubal Cadenas Cuéllar,Recurrente,RUC,43748736,Personal,Trujillo
346,Alejandro Andres,Nuevo,CE,62722546,Pyme,Huancayo
347,Candelas Escrivá Alegre,Nuevo,DNI,85537452,Pyme,Lima
348,Vidal López Pellicer,Nuevo,CE,93630543,Pyme,Cusco
349,Cristian Ibán Nuñez Lamas,Recurrente,RUC,96017693,Empresarial,Piura
350,Luz Saavedra Soto,Nuevo,RUC,81289955,Empresarial,Piura
351,Toño Uriarte Monreal,Nuevo,DNI,99290876,Personal,Trujillo
352,Edu Franco Bermejo,Nuevo,CE,90848224,Personal,Chiclayo
353,Federico Garcia,Recurrente,CE,40923628,Empresarial,Tacna
354,Aura Iborra Martí,Recurrente,RUC,87881018,Empresarial,Cusco
355,Enrique Múgica,Nuevo,RUC,47737965,Empresarial,Arequipa
356,Edelmiro Suárez Sanjuan,Recurrente,CE,2954185,Pyme,Puno
357,Gala Franch Bello,Recurrente,CE,55599609,Pyme,Chiclayo
358,Susanita Portillo,Nuevo,DNI,29820825,Empresarial,Puno
359,Primitivo Bonilla,Nuevo,DNI,39373375,Personal,Chiclayo
360,Tadeo Campillo Quintero,Nuevo,DNI,49233016,Empresarial,Chiclayo
361,Tristán Jódar Ortega,Recurrente,DNI,17156335,Personal,Tacna
362,Paca Pina Torrents,Recurrente,DNI,1805515,Personal,Huancayo
363,Darío Palacios Serna,Nuevo,CE,18609622,Pyme,Piura
364,María Del Carmen Uribe Solís,Nuevo,RUC,29910379,Pyme,Lima
365,Victor Camacho-Vázquez,Recurrente,DNI,45145902,Empresarial,Arequipa
366,Román Pazos Carrión,Recurrente,CE,55110492,Empresarial,Puno
367,Fátima Galán,Recurrente,CE,79694712,Pyme,Huancayo
368,Belén Corominas Bustamante,Recurrente,DNI,82091772,Empresarial,Lima
369,Graciela Valls-Bonilla,Recurrente,DNI,87324511,Pyme,Tacna
370,Azahar Calderón Blazquez,Recurrente,DNI,37924052,Empresarial,Arequipa
371,Andrea Fuente-Villalba,Nuevo,RUC,390192,Pyme,Huancayo
372,Sancho Carranza Arregui,Nuevo,RUC,60124971,Empresarial,Piura
373,Regina del Vera,Nuevo,RUC,96840653,Personal,Arequipa
374,Lope Chaparro Meléndez,Nuevo,CE,95686093,Pyme,Cusco
375,Bartolomé Tello Baena,Recurrente,RUC,17744490,Pyme,Trujillo
376,Celso Balaguer-Cuevas,Nuevo,DNI,59665315,Personal,Chiclayo
377,Balduino Nogueira-Toro,Nuevo,DNI,40951802,Pyme,Trujillo
378,Delfina Bayona Marquez,Nuevo,DNI,62348496,Pyme,Tacna
379,Francisco Javier Ruano-Aguilera,Recurrente,CE,49087275,Pyme,Tacna
380,Nidia Rosenda Azcona Cuenca,Recurrente,CE,87738253,Empresarial,Trujillo
381,Juanita Parejo Lladó,Recurrente,DNI,4230393,Empresarial,Tacna
382,Berto Coca-Huguet,Recurrente,RUC,33948583,Pyme,Lima
383,Ciriaco España Francisco,Recurrente,CE,78667440,Personal,Chiclayo
384,Fernanda del Alvarez,Recurrente,RUC,92084804,Personal,Lima
385,Prudencio Calzada Gargallo,Recurrente,RUC,41282550,Personal,Arequipa
386,Micaela Castelló Franch,Recurrente,RUC,64903417,Pyme,Iquitos
387,Flor Fiol,Nuevo,RUC,32745008,Pyme,Cusco
388,Elisabet Adán Comas,Recurrente,CE,23381868,Empresarial,Iquitos
389,Fabricio Español Aguilar,Nuevo,DNI,88821585,Empresarial,Arequipa
390,Goyo Solís Revilla,Recurrente,CE,98000740,Personal,Iquitos
391,Bienvenida Caro Rios,Nuevo,DNI,1700256,Personal,Tacna
392,Melania Casanovas,Recurrente,CE,41706296,Pyme,Puno
393,Jordi Coloma Baños,Nuevo,RUC,1620891,Empresarial,Chiclayo
394,Íngrid del Pacheco,Recurrente,RUC,98339178,Empresarial,Puno
395,Gabriel Sevilla Alvarez,Nuevo,CE,21649971,Pyme,Piura
396,Luis Sevillano Román,Nuevo,RUC,52921980,Personal,Iquitos
397,Rosalinda Noguera Carrera,Recurrente,RUC,81663742,Empresarial,Puno
398,Paca Román Collado,Nuevo,RUC,50955350,Personal,Puno
399,Susanita del Espejo,Nuevo,RUC,16838920,Empresarial,Huancayo
400,Casandra Pulido Manzanares,Nuevo,CE,19365117,Pyme,Arequipa
401,Rafa del Ferrándiz,Recurrente,CE,95404931,Empresarial,Piura
402,Cristóbal Jara,Nuevo,CE,20489857,Pyme,Iquitos
403,Jacobo Buenaventura Cal Peñalver,Nuevo,CE,90924511,Pyme,Huancayo
404,Casemiro Arsenio Pastor Baquero,Recurrente,DNI,24690582,Empresarial,Chiclayo
405,Raimundo Bolaños Castilla,Nuevo,DNI,69888487,Empresarial,Tacna
406,Ruperta Adelina Gordillo Rovira,Nuevo,DNI,81934069,Personal,Trujillo
407,Roxana Merino Olmo,Nuevo,RUC,32700614,Personal,Iquitos
408,Armando Chamorro-Belmonte,Nuevo,CE,70384849,Empresarial,Puno
409,Salomé Calvet Ros,Nuevo,CE,18199268,Empresarial,Trujillo
410,Milagros Anglada Casal,Nuevo,DNI,84865825,Pyme,Puno
411,Piedad Cortés Feijoo,Nuevo,CE,88854949,Empresarial,Lima
412,Rosalva Zabaleta Blázquez,Recurrente,RUC,22923316,Pyme,Cusco
413,Georgina del Uría,Recurrente,CE,19296253,Empresarial,Tacna
414,Amelia Guijarro Pi,Nuevo,CE,79426296,Personal,Chiclayo
415,Fortunato Canet,Recurrente,DNI,56655952,Empresarial,Puno
416,Rogelio Arribas-Bauzà,Recurrente,RUC,70372339,Empresarial,Huancayo
417,Pepito Morante Gracia,Recurrente,DNI,46476457,Personal,Puno
418,Adelia Vázquez Cifuentes,Nuevo,RUC,85690624,Personal,Tacna
419,Benita Albero-Gutiérrez,Recurrente,CE,76675770,Personal,Iquitos
420,Manola Pereira Salinas,Nuevo,RUC,75092351,Personal,Trujillo
421,Nicolasa Pallarès,Recurrente,RUC,93769676,Pyme,Trujillo
422,Alejandro de Belda,Recurrente,DNI,21833481,Personal,Tacna
423,Juan Carlos Carro Rivero,Recurrente,DNI,80124553,Empresarial,Lima
424,Etelvina Adoración Llorente Hernandez,Recurrente,CE,55810549,Empresarial,Cusco
425,Ema Anglada Valderrama,Recurrente,DNI,17179466,Empresarial,Cusco
426,Sonia del Cerezo,Nuevo,RUC,10449516,Personal,Piura
427,Isa Acosta Montoya,Nuevo,DNI,45708366,Personal,Chiclayo
428,Perlita Santos Arce,Recurrente,CE,80125627,Personal,Tacna
429,Manolo Gutierrez Baena,Recurrente,CE,10861055,Personal,Arequipa
430,Narciso Xavier Sastre Elorza,Nuevo,RUC,40068481,Personal,Trujillo
431,Anita Coca Prada,Recurrente,DNI,1287052,Empresarial,Cusco
432,Soledad Puig Vilaplana,Recurrente,DNI,71199089,Personal,Cusco
433,María José del Martorell,Recurrente,CE,13598893,Pyme,Tacna
434,Silvio Infante Jimenez,Nuevo,DNI,90243150,Empresarial,Puno
435,Brunilda Galán Casanova,Nuevo,CE,82595665,Pyme,Puno
436,Custodia Sobrino Azorin,Nuevo,CE,32435795,Personal,Chiclayo
437,Matías Villaverde Planas,Recurrente,DNI,46829360,Pyme,Piura
438,Chucho Santamaria Esteve,Nuevo,CE,54901722,Empresarial,Trujillo
439,Candelas Buendía Alfaro,Nuevo,CE,78577651,Empresarial,Arequipa
440,René Farré Uriarte,Nuevo,RUC,32637136,Empresarial,Lima
441,Diego Canales Gonzalez,Recurrente,RUC,65698721,Empresarial,Lima
442,Rita Somoza,Recurrente,DNI,31867148,Empresarial,Cusco
443,Rosalva Sáez Girona,Nuevo,CE,96536755,Pyme,Piura
444,Alejandra Cuadrado Navarrete,Nuevo,DNI,64854964,Empresarial,Iquitos
445,José Balaguer Cabrero,Recurrente,CE,87101917,Personal,Tacna
446,Reinaldo del Llorente,Recurrente,CE,55028425,Personal,Trujillo
447,Emigdio Segura Andres,Nuevo,CE,62523501,Empresarial,Lima
448,Buenaventura Correa Zapata,Recurrente,DNI,85560110,Personal,Cusco
449,Jesusa Iriarte Valcárcel,Nuevo,RUC,7246290,Empresarial,Iquitos
450,Adoración de Ruano,Recurrente,CE,98749211,Empresarial,Chiclayo
451,Herminia de Tejedor,Nuevo,CE,81168862,Personal,Chiclayo
452,Amelia Carreras García,Recurrente,DNI,20290331,Pyme,Piura
453,Saturnino Toledo Navarro,Recurrente,DNI,24494045,Empresarial,Huancayo
454,Cleto Vendrell,Recurrente,CE,79510718,Empresarial,Huancayo
455,Yéssica Amores Enríquez,Recurrente,DNI,38358986,Empresarial,Tacna
456,Zacarías Fortuny-Arenas,Recurrente,CE,71345046,Empresarial,Arequipa
457,Nicodemo Fajardo Romeu,Recurrente,DNI,74577805,Empresarial,Puno
458,Arsenio Cañellas Pascual,Nuevo,CE,90047540,Empresarial,Piura
459,Fernando de Muñoz,Nuevo,DNI,28853753,Empresarial,Chiclayo
460,Mirta Vallés Gámez,Recurrente,RUC,64796864,Pyme,Huancayo
461,Clemente Lobato-Laguna,Nuevo,CE,78547949,Empresarial,Piura
462,Rosalina Rodríguez Toro,Recurrente,DNI,30198847,Pyme,Piura
463,Ciro Dominguez-Clemente,Recurrente,RUC,96595329,Pyme,Lima
464,Mauricio Girón Cerezo,Nuevo,CE,36128352,Pyme,Huancayo
465,Jenaro Uría-Barbero,Recurrente,CE,62295031,Pyme,Trujillo
466,Carmina de Torrents,Nuevo,DNI,41048843,Pyme,Tacna
467,Olga Guardiola Valderrama,Nuevo,DNI,96341617,Personal,Cusco
468,Emperatriz Mosquera,Recurrente,RUC,21785137,Empresarial,Puno
469,Beatriz Arregui,Nuevo,CE,6597976,Personal,Tacna
470,Pía Madrid Quintanilla,Recurrente,RUC,58285409,Empresarial,Arequipa
471,Úrsula Llanos Arce,Nuevo,CE,20144027,Empresarial,Huancayo
472,José Manuel Aranda Pera,Recurrente,CE,11817429,Empresarial,Cusco
473,Ximena Clemente Otero,Nuevo,DNI,60080309,Pyme,Trujillo
474,Nacho Roman Villalba,Recurrente,CE,99340650,Empresarial,Iquitos
475,Carmen Palau Ruano,Nuevo,RUC,77665823,Empresarial,Tacna
476,Jesusa Bonet-Valenzuela,Nuevo,CE,43959125,Empresarial,Tacna
477,Rafael Domínguez Tejada,Nuevo,DNI,89046218,Personal,Arequipa
478,Evita Vizcaíno Sevillano,Recurrente,DNI,49043527,Pyme,Tacna
479,Lucas de Teruel,Nuevo,CE,3926898,Empresarial,Piura
480,Sebastian Gaya Pazos,Nuevo,CE,7674002,Pyme,Chiclayo
481,Viviana Daza-Palau,Recurrente,DNI,7651898,Pyme,Trujillo
482,Itziar del Tejera,Recurrente,CE,5788528,Personal,Arequipa
483,Gloria de Cerezo,Nuevo,DNI,38592490,Personal,Tacna
484,Timoteo Gimenez Crespi,Nuevo,RUC,47003041,Pyme,Puno
485,Amparo Trujillo Castro,Recurrente,RUC,89824861,Pyme,Trujillo
486,Nacho Arnal Bermúdez,Nuevo,DNI,46817139,Empresarial,Huancayo
487,Lázaro Camps Salom,Recurrente,CE,69787617,Empresarial,Huancayo
488,Segismundo Barceló Figuerola,Nuevo,DNI,56365518,Empresarial,Arequipa
489,Maura Olivares Ferrera,Recurrente,RUC,6657445,Pyme,Iquitos
490,Edelmiro Cisneros Pina,Recurrente,DNI,49475547,Pyme,Puno
491,Gabriela Seco-Cuenca,Nuevo,DNI,7450898,Empresarial,Iquitos
492,Ruperta del Vara,Nuevo,DNI,98662366,Pyme,Trujillo
493,Marianela Sevilla Carreras,Recurrente,DNI,92253725,Personal,Piura
494,Isaura Arribas Conesa,Nuevo,RUC,53367834,Pyme,Chiclayo
495,Hugo Uriarte Rosselló,Nuevo,RUC,16611761,Personal,Iquitos
496,Yaiza Lorenzo Tudela,Recurrente,DNI,78145197,Pyme,Chiclayo
497,David Gonzalez Fabra,Nuevo,CE,42232767,Pyme,Trujillo
498,Martín Salgado,Nuevo,DNI,62610088,Pyme,Puno
499,Ruperta Puga,Recurrente,CE,6057777,Personal,Lima
500,Manola Pelayo Dávila,Nuevo,DNI,78403248,Pyme,Puno
501,María Del Carmen María Dolores Puig Carretero,Recurrente,CE,81396946,Personal,Puno
502,Elisa Pina Marín,Recurrente,CE,44547695,Pyme,Lima
503,Octavia Guardiola Palomino,Recurrente,CE,90729331,Pyme,Chiclayo
504,Viviana Verdugo Ortuño,Recurrente,RUC,77424378,Personal,Huancayo
505,Dani Trujillo-Vives,Recurrente,RUC,52894695,Personal,Lima
506,Nerea Gallardo Contreras,Nuevo,RUC,96967608,Empresarial,Tacna
507,Olivia Briones,Recurrente,DNI,59323598,Empresarial,Puno
508,Gil Narciso Peralta Soler,Nuevo,RUC,52652212,Pyme,Piura
509,Maricruz Poza-Sastre,Recurrente,RUC,73381170,Personal,Piura
510,Marc Arteaga Ribas,Nuevo,RUC,69315080,Personal,Tacna
511,Pío Acosta Camacho,Nuevo,RUC,71082286,Empresarial,Cusco
512,Régulo Quintero Roig,Nuevo,DNI,1147596,Personal,Chiclayo
513,Sosimo Ros Salazar,Recurrente,CE,82119287,Empresarial,Cusco
514,Emilia Revilla Cid,Nuevo,RUC,31111025,Pyme,Piura
515,María Carmen Navarro Tamayo,Nuevo,DNI,29608988,Empresarial,Iquitos
516,Daniel Pazos,Recurrente,RUC,8163159,Empresarial,Tacna
517,Eusebio Luque Prada,Nuevo,DNI,79194708,Empresarial,Iquitos
518,Clímaco Menendez Cáceres,Recurrente,DNI,25843992,Personal,Puno
519,Emilio Paredes Higueras,Recurrente,DNI,14639585,Personal,Chiclayo
520,Andrés Felipe Herranz-Carrión,Recurrente,CE,53634654,Pyme,Tacna
521,Lucio Martorell-Almansa,Recurrente,CE,62695339,Personal,Arequipa
522,Arturo Agustín Aller,Recurrente,DNI,66487729,Empresarial,Piura
523,Ciríaco Casares,Recurrente,RUC,83609907,Personal,Huancayo
524,Gaspar Paredes Manuel,Nuevo,CE,66183224,Pyme,Cusco
525,Rosendo Cantón Cazorla,Recurrente,CE,85689567,Empresarial,Arequipa
526,Amelia Cuadrado-Muñoz,Recurrente,CE,17523404,Empresarial,Iquitos
527,Alejo Murcia Valverde,Recurrente,CE,5359870,Pyme,Puno
528,Tamara Zaragoza Olivera,Nuevo,DNI,87993561,Personal,Huancayo
529,Delia Armas Osorio,Recurrente,RUC,15423887,Pyme,Piura
530,Herberto de Benito,Nuevo,DNI,4834237,Pyme,Iquitos
531,Ciro Bas Pino,Recurrente,CE,39634672,Personal,Lima
532,Joaquina Múgica Sierra,Nuevo,DNI,14784740,Pyme,Piura
533,Bruno Elorza Serra,Recurrente,CE,70161327,Empresarial,Trujillo
534,Elisa Casals Pujadas,Nuevo,RUC,78925371,Pyme,Piura
535,Cándida Evita Marqués Valenciano,Nuevo,RUC,48669236,Pyme,Chiclayo
536,Román Dominguez Medina,Recurrente,CE,70547593,Pyme,Iquitos
537,Javiera Salomé Caballero Montserrat,Recurrente,CE,45348657,Pyme,Chiclayo
538,Melania Salas Boix,Recurrente,DNI,10245671,Empresarial,Piura
539,Custodia Nicolau-Castañeda,Nuevo,RUC,88281117,Pyme,Chiclayo
540,Regina Perez Riba,Nuevo,CE,13629876,Empresarial,Chiclayo
541,Yolanda Gilabert Nieto,Nuevo,CE,86358005,Personal,Puno
542,Gil Ríos Pujol,Recurrente,DNI,48322820,Pyme,Puno
543,María Ángeles Pilar Torrents Becerra,Recurrente,DNI,65574969,Pyme,Cusco
544,Francisco Javier Cañizares-Cobos,Nuevo,CE,46276215,Pyme,Arequipa
545,Haydée Llanos Izaguirre,Nuevo,DNI,58652890,Empresarial,Piura
546,Isabel Ariza Perera,Recurrente,DNI,78009968,Empresarial,Cusco
547,Isabel Somoza Bayo,Recurrente,CE,60744350,Pyme,Tacna
548,Jennifer Aguilar Pizarro,Nuevo,CE,5203789,Personal,Iquitos
549,Rocío del Tejero,Nuevo,CE,17223616,Empresarial,Tacna
550,Adora Renata Riquelme León,Recurrente,RUC,73524679,Personal,Tacna
551,Amílcar Codina Valls,Recurrente,CE,93666870,Empresarial,Chiclayo
552,Jorge Borrell Lasa,Recurrente,DNI,47608817,Personal,Chiclayo
553,Angelina Solís,Recurrente,DNI,50498797,Empresarial,Chiclayo
554,Isidora Vélez Hierro,Nuevo,CE,43204493,Pyme,Tacna
555,Julie Mosquera Lucena,Recurrente,RUC,89405245,Empresarial,Iquitos
556,Melania Cánovas,Recurrente,RUC,88182842,Personal,Puno
557,Crescencia Tamayo-Tirado,Recurrente,RUC,11833606,Empresarial,Trujillo
558,Fabiana Cruz Capdevila,Recurrente,DNI,8210861,Empresarial,Arequipa
559,Gracia Fernández-Cantero,Recurrente,RUC,50413106,Pyme,Chiclayo
560,Caridad Amat González,Recurrente,DNI,72892938,Personal,Iquitos
561,Martín Muñoz Galindo,Recurrente,CE,80923073,Pyme,Chiclayo
562,Lope Riera-Pagès,Nuevo,DNI,36129102,Pyme,Puno
563,Joan de Exposito,Nuevo,DNI,88205891,Personal,Iquitos
564,Yolanda Pozuelo,Nuevo,CE,85634203,Personal,Lima
565,Roxana Pombo Asensio,Nuevo,RUC,87457083,Empresarial,Tacna
566,Víctor Gual Calderón,Nuevo,CE,33795750,Personal,Lima
567,Anastasia Machado León,Nuevo,RUC,21932919,Pyme,Tacna
568,Elisabet Peral Vicens,Recurrente,CE,67424030,Personal,Chiclayo
569,José Ángel del Alegre,Recurrente,RUC,81301423,Pyme,Lima
570,Elpidio Mascaró Rubio,Nuevo,CE,77892741,Pyme,Cusco
571,Aroa del Marín,Nuevo,DNI,32940120,Empresarial,Trujillo
572,Custodio Torre Machado,Nuevo,RUC,56135577,Empresarial,Trujillo
573,Vinicio Tello Cuadrado,Recurrente,DNI,70081231,Personal,Chiclayo
574,Telmo Cepeda Baquero,Nuevo,RUC,50222367,Empresarial,Tacna
575,Encarna Almeida Heras,Recurrente,DNI,20353152,Pyme,Tacna
576,Eladio Amaya Carbó,Recurrente,DNI,83009590,Personal,Piura
577,Jose Angel del Lledó,Nuevo,CE,71479485,Empresarial,Chiclayo
578,Agustín Cid Gámez,Nuevo,DNI,85158193,Pyme,Piura
579,Berta Paniagua-Tapia,Recurrente,CE,98665961,Pyme,Cusco
580,Emigdio Rovira Andrade,Nuevo,CE,62212937,Pyme,Huancayo
581,Martín Carrasco López,Recurrente,CE,33001887,Empresarial,Arequipa
582,Hernán Pavón Abad,Recurrente,CE,9093071,Personal,Trujillo
583,Fabiola Corral-Perales,Nuevo,RUC,39441579,Empresarial,Cusco
584,Carlito Colomer Arrieta,Nuevo,RUC,69217091,Empresarial,Cusco
585,Jose Miguel Bauzà Murillo,Recurrente,RUC,21504110,Empresarial,Chiclayo
586,Jose del Bou,Nuevo,RUC,9746073,Pyme,Piura
587,Íngrid Tamayo,Nuevo,DNI,24167885,Pyme,Arequipa
588,Lucila Taboada,Recurrente,RUC,3225641,Personal,Huancayo
589,Leonor Villena-Cerezo,Recurrente,CE,68909239,Personal,Chiclayo
590,Etelvina Cánovas Bautista,Recurrente,CE,22684006,Personal,Cusco
591,Paz Castell Barrera,Nuevo,RUC,23593976,Personal,Tacna
592,Angélica Carvajal Canales,Recurrente,RUC,17753645,Pyme,Iquitos
593,Yaiza Zurita-Colom,Recurrente,CE,78623892,Pyme,Cusco
594,Jose Antonio Mateo Pallarès,Nuevo,CE,57594105,Pyme,Arequipa
595,Eligia Escribano,Recurrente,CE,15854782,Pyme,Piura
596,Ariadna Pozo Ayllón,Nuevo,CE,56685648,Personal,Lima
597,Yéssica Lloret Bilbao,Nuevo,CE,70231916,Pyme,Trujillo
598,Eloísa Castejón Armengol,Nuevo,RUC,26590372,Pyme,Tacna
599,Diana Alba Báez Monreal,Nuevo,CE,56495364,Personal,Puno
600,Yolanda Rius Aguilar,Recurrente,DNI,36143627,Pyme,Tacna
601,Nélida Bermudez Vergara,Nuevo,RUC,11578891,Personal,Iquitos
602,María Ángeles Casanova Calleja,Recurrente,RUC,62769040,Pyme,Lima
603,Chema Tovar-Perales,Recurrente,CE,36677434,Empresarial,Lima
604,Lorenza Porcel Cases,Recurrente,RUC,46515464,Personal,Cusco
605,Débora Lorena Benavente Galiano,Nuevo,DNI,90093799,Empresarial,Piura
606,Rafa Mariño-Barranco,Nuevo,CE,94793513,Personal,Arequipa
607,Melania Débora Piñeiro Cuesta,Recurrente,DNI,29004607,Empresarial,Huancayo
608,Adelia Borja Coll,Nuevo,DNI,51779972,Pyme,Huancayo
609,Reynaldo Mendez Morata,Recurrente,RUC,89710862,Empresarial,Huancayo
610,Leocadia Gómez Gonzalo,Recurrente,DNI,65140772,Pyme,Iquitos
611,Gerónimo Hidalgo,Nuevo,CE,27671472,Empresarial,Arequipa
612,Eduardo Catalán-Neira,Nuevo,CE,11299670,Empresarial,Iquitos
613,Zaida Eligia Trujillo Alvarado,Nuevo,CE,79725683,Personal,Lima
614,Blas de Chacón,Nuevo,RUC,19287946,Empresarial,Iquitos
615,Ligia Tamayo,Recurrente,CE,51331866,Empresarial,Cusco
616,Rolando Ortiz Macías,Nuevo,RUC,10260235,Empresarial,Trujillo
617,Florentino Piñeiro Ávila,Recurrente,DNI,70224028,Pyme,Arequipa
618,Priscila Porcel,Nuevo,CE,40755260,Empresarial,Puno
619,Sarita Duque Alcalá,Nuevo,DNI,44594962,Personal,Arequipa
620,Dionisia Sanchez Segura,Nuevo,CE,28916865,Personal,Tacna
621,María Pilar Franco Carvajal,Nuevo,DNI,91062406,Pyme,Lima
622,Tiburcio Sastre Andreu,Recurrente,RUC,30274393,Personal,Iquitos
623,Adolfo Luján Almazán,Nuevo,DNI,76039569,Personal,Iquitos
624,Javi Ugarte Barral,Recurrente,DNI,48095589,Pyme,Puno
625,Benjamín Apolinar Mayo Domingo,Recurrente,CE,58447373,Pyme,Piura
626,Juana Guijarro Paz,Nuevo,RUC,7694086,Personal,Iquitos
627,Juanita Bello Padilla,Nuevo,RUC,45154926,Empresarial,Chiclayo
628,Caridad Matilde Valenciano Pelayo,Nuevo,CE,15426256,Pyme,Trujillo
629,Eligio Uría-Solsona,Recurrente,CE,35813242,Empresarial,Lima
630,Armando Salcedo Plana,Recurrente,CE,30437641,Pyme,Huancayo
631,Octavia Canales Pelayo,Recurrente,CE,74306150,Empresarial,Huancayo
632,Carlito Navarrete-Blanca,Nuevo,RUC,60239215,Empresarial,Trujillo
633,Amelia Nilda Piña Rosales,Recurrente,DNI,75587222,Personal,Chiclayo
634,Marisol Goicoechea Solís,Nuevo,RUC,73407454,Personal,Iquitos
635,Olegario Pallarès,Recurrente,RUC,47269146,Pyme,Iquitos
636,Hilario Llanos Julián,Nuevo,RUC,78181884,Personal,Chiclayo
637,Ruperto Blanes Suarez,Nuevo,RUC,19809737,Pyme,Arequipa
638,Viviana Julie Salcedo Bartolomé,Recurrente,RUC,59470409,Personal,Iquitos
639,Martina Carretero Pinedo,Nuevo,DNI,39472720,Empresarial,Huancayo
640,Édgar Manuel Raya,Nuevo,DNI,80336056,Personal,Puno
641,Roberta Mamen Arranz Ortuño,Nuevo,RUC,65397758,Personal,Piura
642,Clotilde Herrero Rivas,Recurrente,DNI,21703925,Personal,Cusco
643,María Teresa Molina Cabeza,Nuevo,CE,45785040,Empresarial,Cusco
644,Francisca Torres Navas,Nuevo,RUC,23180591,Personal,Iquitos
645,Lucho Borrell Navarro,Recurrente,RUC,87647220,Empresarial,Tacna
646,Lidia Collado,Recurrente,RUC,19946037,Empresarial,Piura
647,Felix Viñas Gargallo,Recurrente,RUC,39886865,Personal,Tacna
648,Olalla Priego Montaña,Recurrente,DNI,47328096,Empresarial,Piura
649,Maricruz de Matas,Recurrente,DNI,45698278,Pyme,Cusco
650,Agustín Clavero Cortés,Nuevo,DNI,80048200,Empresarial,Iquitos
651,Sara Blázquez Lledó,Recurrente,RUC,73025668,Personal,Cusco
652,Lupe Cid Gargallo,Recurrente,DNI,8326196,Empresarial,Puno
653,Eutimio Carbó Arranz,Nuevo,RUC,75339711,Pyme,Piura
654,Teodoro Aramburu Duarte,Recurrente,RUC,13032341,Pyme,Tacna
655,Zoraida Landa,Recurrente,DNI,69765344,Pyme,Piura
656,Silvia Rodriguez Arévalo,Nuevo,DNI,62508940,Pyme,Iquitos
657,Griselda Soria Parejo,Recurrente,DNI,62074765,Pyme,Lima
658,Leocadio Goicoechea Alcántara,Nuevo,DNI,98688274,Pyme,Lima
659,Vinicio Girona,Nuevo,RUC,46312954,Personal,Cusco
660,Cristian Frías,Nuevo,CE,13474492,Personal,Lima
661,Cayetana Mariño Ariño,Nuevo,CE,36699880,Empresarial,Piura
662,Alejandra Ariño Bravo,Nuevo,CE,29752821,Pyme,Puno
663,Javiera Carbajo-Baquero,Recurrente,CE,16879566,Empresarial,Lima
664,Guadalupe Collado-Ariza,Nuevo,CE,98588317,Pyme,Huancayo
665,Juan Pablo Sánchez Sans,Nuevo,DNI,14670987,Pyme,Chiclayo
666,Josué Espejo Mendizábal,Recurrente,DNI,1865138,Pyme,Huancayo
667,Hortensia Tejedor,Nuevo,DNI,85319476,Personal,Iquitos
668,Xiomara Galán Bermudez,Nuevo,DNI,97192151,Personal,Puno
669,Mamen Calderon Gutierrez,Recurrente,RUC,70887933,Empresarial,Huancayo
670,Maite Godoy-Antúnez,Nuevo,RUC,99691255,Empresarial,Tacna
671,Marisela Alondra Seguí Tovar,Nuevo,CE,5368810,Personal,Chiclayo
672,Isabela Oliver,Nuevo,CE,63196539,Pyme,Lima
673,Griselda Baró Amat,Nuevo,RUC,98677995,Empresarial,Huancayo
674,Emilia Tamarit,Recurrente,DNI,11110285,Pyme,Lima
675,Prudencia Bueno Ayllón,Nuevo,DNI,72318580,Empresarial,Huancayo
676,Lisandro del Páez,Recurrente,CE,13736494,Personal,Iquitos
677,Lola Cuevas,Nuevo,DNI,20594836,Personal,Puno
678,Camila Prieto Heras,Recurrente,RUC,73640866,Personal,Arequipa
679,Marisol del Fonseca,Recurrente,CE,88052970,Pyme,Lima
680,Eugenio Guzmán Aramburu,Nuevo,RUC,37775186,Personal,Cusco
681,Américo Iniesta-Agustín,Nuevo,CE,92762974,Empresarial,Arequipa
682,Cruz Bosch Plana,Recurrente,DNI,85146275,Pyme,Cusco
683,Berta de Olmo,Recurrente,CE,98612449,Pyme,Piura
684,Clímaco Esparza Mayoral,Recurrente,CE,92462941,Personal,Arequipa
685,Juliana Borrego Barrios,Recurrente,DNI,43839988,Personal,Huancayo
686,Raúl Paz Cases,Nuevo,DNI,42850986,Empresarial,Puno
687,Simón Garmendia Calleja,Recurrente,RUC,89534639,Personal,Chiclayo
688,Angelita Larrañaga,Recurrente,RUC,64157742,Personal,Piura
689,Rafa Sánchez,Recurrente,RUC,24645823,Personal,Puno
690,Agustín Vall,Recurrente,DNI,36575174,Pyme,Chiclayo
691,Soraya Bautista,Nuevo,CE,30517013,Personal,Arequipa
692,Sol Cuesta,Recurrente,DNI,11794945,Empresarial,Trujillo
693,Perlita Anselma Cervantes Feliu,Recurrente,RUC,88581099,Empresarial,Arequipa
694,Vidal Arregui Santiago,Nuevo,DNI,95412603,Empresarial,Tacna
695,Hilda Miguel Llobet,Recurrente,RUC,42043910,Personal,Trujillo
696,Piedad Segura Morillo,Nuevo,DNI,77155269,Empresarial,Tacna
697,María Jesús Mayoral Mir,Recurrente,DNI,98653789,Personal,Arequipa
698,Flavio Ródenas Parra,Recurrente,CE,57784592,Personal,Puno
699,Anna Salamanca Burgos,Recurrente,RUC,16764289,Personal,Chiclayo
700,Ileana Guardiola Rodriguez,Recurrente,RUC,13043450,Personal,Iquitos
701,Juanita Noguera Correa,Nuevo,CE,84516024,Pyme,Trujillo
702,Lino Amat Moya,Recurrente,DNI,65723643,Personal,Chiclayo
703,Elías Pou Santamaria,Recurrente,RUC,37650485,Empresarial,Trujillo
704,Luciano del Giralt,Nuevo,DNI,65566194,Empresarial,Chiclayo
705,Diego Sebastián Ledesma,Recurrente,RUC,14710602,Empresarial,Arequipa
706,Violeta Recio,Recurrente,RUC,52732929,Personal,Tacna
707,Emigdio Contreras-Huguet,Nuevo,RUC,25377154,Personal,Trujillo
708,Dorotea Elías Borrás,Recurrente,DNI,76383636,Empresarial,Piura
709,Gracia Sedano Almagro,Recurrente,RUC,75762139,Empresarial,Piura
710,Teodosio Céspedes Vázquez,Recurrente,CE,58024839,Pyme,Trujillo
711,Adelia Mur Rocha,Recurrente,RUC,71784980,Pyme,Cusco
712,Delia Arteaga,Recurrente,RUC,72341985,Personal,Huancayo
713,Flora Porta-Seco,Recurrente,RUC,62587476,Pyme,Tacna
714,Chelo de Alvarado,Nuevo,RUC,62240903,Empresarial,Chiclayo
715,Dimas Corominas-Guerra,Recurrente,RUC,92684470,Personal,Puno
716,Crescencia del Ferrer,Nuevo,CE,74250723,Pyme,Trujillo
717,René Martí Sarabia,Nuevo,CE,55771185,Empresarial,Cusco
718,Cleto Sáez Pablo,Recurrente,RUC,9074105,Pyme,Arequipa
719,Cosme Rafael Lladó Vaquero,Recurrente,CE,66849164,Empresarial,Trujillo
720,Valentín Campoy Pombo,Recurrente,DNI,99623447,Empresarial,Trujillo
721,Jose Francisco Tapia,Recurrente,RUC,32888624,Personal,Tacna
722,Eustaquio Niño Gómez,Recurrente,CE,40957346,Empresarial,Iquitos
723,Rita Encarna Jaén Martí,Recurrente,CE,27370009,Personal,Piura
724,Yésica de Marin,Nuevo,DNI,45229101,Personal,Piura
725,Elba Espinosa Mendizábal,Nuevo,CE,52733077,Pyme,Lima
726,Vidal Recio,Recurrente,RUC,11562688,Empresarial,Arequipa
727,Amando Azorin-Cuéllar,Nuevo,DNI,63205196,Empresarial,Cusco
728,Cándida Dolores Pinto Márquez,Nuevo,RUC,29289431,Empresarial,Huancayo
729,Caridad Torres Caballero,Recurrente,CE,40095380,Pyme,Iquitos
730,Tania Blanca Escolano,Nuevo,RUC,70763885,Personal,Tacna
731,Eleuterio Teobaldo Rivas Vendrell,Nuevo,RUC,75200556,Empresarial,Arequipa
732,Juan Pablo Corbacho Arregui,Nuevo,CE,66973138,Personal,Piura
733,Hermenegildo del Andres,Recurrente,RUC,20609911,Empresarial,Cusco
734,Nadia Ferrándiz Vergara,Recurrente,RUC,16099058,Empresarial,Arequipa
735,Isabel de Ojeda,Recurrente,CE,38922081,Pyme,Tacna
736,Maxi Anastasio Torrent Izaguirre,Recurrente,DNI,47937247,Empresarial,Lima
737,Diego Rivero Palomo,Nuevo,DNI,88612371,Empresarial,Arequipa
738,Evelia Gisela Dueñas Alcalde,Nuevo,CE,77932077,Personal,Iquitos
739,Sancho Villena-Diéguez,Nuevo,CE,76105519,Personal,Piura
740,Maxi Zurita Vigil,Recurrente,RUC,23331478,Personal,Huancayo
741,Maricruz de Ripoll,Nuevo,DNI,40280829,Pyme,Huancayo
742,Edu Remigio Alcalá Pons,Recurrente,DNI,97722443,Pyme,Puno
743,Luisa Eufemia Batalla Fiol,Nuevo,RUC,16092473,Pyme,Huancayo
744,Nilda Calleja Perales,Recurrente,DNI,94068650,Pyme,Cusco
745,Encarnita Royo Domingo,Nuevo,RUC,18332477,Pyme,Arequipa
746,Ernesto Soria-Juliá,Nuevo,CE,39567193,Personal,Piura
747,Andrés Felipe Enríquez Muro,Recurrente,DNI,77458230,Empresarial,Arequipa
748,Selena Guzmán Lluch,Recurrente,CE,68090450,Empresarial,Iquitos
749,Sol Dora González Mir,Recurrente,CE,63072342,Empresarial,Puno
750,Encarnacion Carrasco Enríquez,Recurrente,CE,38341577,Personal,Piura
751,Oriana Ordóñez Arnal,Recurrente,RUC,21207041,Pyme,Trujillo
752,Reina Marín Ariño,Recurrente,CE,98682340,Pyme,Arequipa
753,Nélida Azahar Coca Nogueira,Nuevo,RUC,92205098,Personal,Cusco
754,Roberto Bernabé Mateos Sáez,Recurrente,DNI,41017876,Personal,Piura
755,Clara Bernad Mateos,Nuevo,CE,88872244,Empresarial,Huancayo
756,Juliana Puente,Nuevo,CE,73599034,Empresarial,Huancayo
757,Salomón Sobrino,Nuevo,RUC,59546964,Pyme,Iquitos
758,Dalila Dorotea Delgado Losada,Nuevo,CE,92013714,Personal,Tacna
759,Segismundo Saldaña,Recurrente,DNI,60792635,Personal,Piura
760,Maricruz Ródenas,Recurrente,CE,20711531,Personal,Piura
761,Azucena Merino Clemente,Nuevo,RUC,21485329,Personal,Cusco
762,Caridad Abigaíl Rosell Ordóñez,Recurrente,CE,60379838,Pyme,Tacna
763,Gloria Tenorio Ruiz,Recurrente,CE,94171928,Empresarial,Huancayo
764,Yéssica Pina Villena,Recurrente,RUC,80114601,Personal,Arequipa
765,Zoraida Palmer Rojas,Nuevo,DNI,81032434,Empresarial,Lima
766,Calixta Pou-Mariscal,Recurrente,DNI,23047584,Pyme,Chiclayo
767,Reina Ortiz Vergara,Nuevo,RUC,51815744,Pyme,Tacna
768,Jose Miguel Artigas Caparrós,Nuevo,CE,42882844,Personal,Chiclayo
769,Leire Nadal-Asenjo,Recurrente,CE,32141873,Personal,Tacna
770,Rafa Jerez Castro,Nuevo,RUC,31519008,Personal,Cusco
771,Hilario Samper Terrón,Recurrente,DNI,99994437,Empresarial,Chiclayo
772,Marciano Bueno Amador,Recurrente,DNI,9465474,Empresarial,Arequipa
773,Josefina Torrijos Mena,Nuevo,DNI,82008288,Pyme,Puno
774,Mauricio Cabrero Figueras,Recurrente,CE,44140757,Pyme,Huancayo
775,Jaime Esteban Bosch,Nuevo,CE,66282149,Personal,Cusco
776,Aitor Seco Ferrero,Nuevo,DNI,58760691,Pyme,Piura
777,Melchor Casal Salazar,Recurrente,CE,10986238,Pyme,Trujillo
778,Anselma Angelina Vallejo Laguna,Recurrente,CE,36089448,Empresarial,Chiclayo
779,Eutropio Ródenas-Peiró,Recurrente,CE,33540467,Pyme,Arequipa
780,Apolonia Luisina Borrego Benavente,Nuevo,RUC,84912551,Personal,Chiclayo
781,Obdulia Cerdán,Nuevo,CE,99060273,Personal,Cusco
782,Lola Peña-Cuevas,Nuevo,CE,34753737,Empresarial,Cusco
783,Leandra Duque-Blasco,Recurrente,RUC,44997405,Personal,Puno
784,Catalina Lladó Dueñas,Recurrente,CE,91985025,Empresarial,Huancayo
785,María Carmen Robles Romeu,Recurrente,DNI,84337002,Pyme,Arequipa
786,Reyes Reina-Bru,Recurrente,CE,58887164,Pyme,Chiclayo
787,Mauricio Andreu Riquelme,Recurrente,RUC,31482290,Empresarial,Piura
788,Alexandra Acedo Ramos,Nuevo,CE,17016384,Personal,Tacna
789,Concepción Gual Tamarit,Recurrente,DNI,53830151,Pyme,Huancayo
790,Guadalupe Alemany Alonso,Nuevo,RUC,27496945,Personal,Tacna
791,María Del Carmen Escrivá,Recurrente,RUC,80306732,Empresarial,Piura
792,Eloísa Arroyo,Nuevo,CE,92327743,Empresarial,Piura
793,Faustino Tomás Hervás,Nuevo,DNI,74165249,Personal,Tacna
794,Jordán Alcolea Goñi,Nuevo,DNI,93523951,Personal,Tacna
795,Rosa Jenny Puga Morell,Recurrente,DNI,24116104,Empresarial,Cusco
796,Germán Bruno Lastra Saldaña,Nuevo,CE,57137029,Empresarial,Trujillo
797,Ciríaco Gimenez,Recurrente,DNI,13343899,Pyme,Piura
798,Josep Llano Saavedra,Recurrente,DNI,56103436,Empresarial,Trujillo
799,Aura de Barros,Nuevo,RUC,67411031,Pyme,Chiclayo
800,María Manuela Velasco Revilla,Nuevo,RUC,58870123,Pyme,Arequipa
801,Agapito Palau,Nuevo,DNI,30013513,Personal,Tacna
802,José Luis Nieto Espejo,Nuevo,DNI,52760703,Pyme,Cusco
803,Azeneth Rodriguez Arévalo,Recurrente,DNI,26111370,Personal,Piura
804,Bautista Araujo Sureda,Nuevo,RUC,69908910,Pyme,Trujillo
805,Rosalinda Esther Pérez Cabello,Recurrente,DNI,92560600,Personal,Huancayo
806,Gertrudis Carranza,Nuevo,CE,36525519,Personal,Arequipa
807,Gregorio Boix-Carbó,Recurrente,RUC,49229484,Empresarial,Trujillo
808,Urbano Salvà,Recurrente,DNI,13687410,Pyme,Trujillo
809,Odalys Ayllón,Nuevo,CE,47195003,Pyme,Lima
810,Miguel Ángel Valencia Roselló,Nuevo,RUC,50798472,Empresarial,Cusco
811,Aitor Dominguez,Nuevo,RUC,63243556,Pyme,Tacna
812,Carmina Mónica Castrillo Gomez,Nuevo,DNI,1249681,Personal,Trujillo
813,Concepción Tirado Rios,Nuevo,CE,57523793,Pyme,Huancayo
814,Maribel Morales,Recurrente,RUC,8762992,Empresarial,Trujillo
815,Amarilis Olivera Velasco,Nuevo,RUC,70308892,Pyme,Arequipa
816,Julia Palomo Tamarit,Nuevo,CE,60996052,Pyme,Puno
817,Emiliano Rodríguez Matas,Recurrente,CE,90335921,Personal,Chiclayo
818,Vicente Gras Pol,Nuevo,CE,34937829,Pyme,Iquitos
819,Melisa Santos,Nuevo,CE,80130251,Empresarial,Chiclayo
820,María Tolosa Alemán,Nuevo,DNI,15057758,Empresarial,Huancayo
821,Paloma Mora Larrañaga,Nuevo,DNI,95371369,Empresarial,Puno
822,Manu Escamilla Gabaldón,Nuevo,CE,48719908,Personal,Piura
823,Gervasio Orozco Fernández,Recurrente,DNI,65754892,Empresarial,Puno
824,Trinidad Calleja Alcalde,Recurrente,RUC,92649416,Pyme,Trujillo
825,Leyre Maristela Porras Ballesteros,Recurrente,DNI,90012937,Personal,Puno
826,Baltasar Alcalá Vigil,Nuevo,DNI,39282095,Empresarial,Cusco
827,Maxi Casas Sotelo,Nuevo,DNI,91397180,Empresarial,Iquitos
828,Nerea Arribas Mateo,Recurrente,CE,7451894,Pyme,Iquitos
829,Eligio Molins Hierro,Recurrente,RUC,223836,Pyme,Huancayo
830,Román Monreal Menéndez,Nuevo,CE,73964417,Pyme,Iquitos
831,Jordana Sanjuan-Cuevas,Nuevo,RUC,93135671,Personal,Chiclayo
832,Soraya Piñol Nicolau,Nuevo,CE,83580415,Personal,Trujillo
833,Régulo Echeverría Duarte,Recurrente,RUC,61056736,Pyme,Arequipa
834,Virginia Abad Morera,Recurrente,CE,3746539,Empresarial,Cusco
835,Eloy Nicolás Peiró Bustos,Nuevo,DNI,92943581,Personal,Huancayo
836,Manuela Planas-Cervera,Nuevo,RUC,10994180,Pyme,Puno
837,Maximiano Aníbal Vargas Ribera,Nuevo,RUC,72391804,Pyme,Trujillo
838,Inocencio Mínguez Godoy,Nuevo,DNI,2383655,Pyme,Trujillo
839,Teodosio Cárdenas Verdejo,Nuevo,DNI,70229602,Empresarial,Piura
840,Anabel Castellanos Fonseca,Recurrente,DNI,45047161,Empresarial,Trujillo
841,Teodoro Asensio Donaire,Recurrente,CE,63923735,Personal,Lima
842,Benjamín Fernandez-Estévez,Recurrente,RUC,96408741,Empresarial,Iquitos
843,Candelaria del Muro,Nuevo,RUC,64526874,Pyme,Puno
844,Juanita Merino Narváez,Nuevo,RUC,64243741,Empresarial,Iquitos
845,Jesusa Trillo,Recurrente,DNI,21781169,Empresarial,Puno
846,Etelvina Roca Rubio,Nuevo,RUC,20006539,Personal,Chiclayo
847,Sebastian Tormo Prada,Nuevo,CE,98589558,Pyme,Arequipa
848,Dani Mármol Lamas,Nuevo,CE,31341361,Pyme,Lima
849,Cirino Blanch,Nuevo,DNI,57734281,Personal,Lima
850,Salvador Zurita Malo,Recurrente,RUC,27842966,Empresarial,Trujillo
851,Candelas Mendez Uribe,Nuevo,DNI,43104950,Pyme,Huancayo
852,Juan Luis Cortina-Vall,Nuevo,RUC,55988158,Personal,Huancayo
853,Martina Abellán Tejera,Recurrente,RUC,22416350,Personal,Puno
854,Odalys Claudia Zabaleta Sáenz,Recurrente,DNI,24697586,Pyme,Lima
855,Aníbal Rojas Escudero,Nuevo,DNI,83298409,Pyme,Lima
856,Lupita del Cárdenas,Recurrente,DNI,22105013,Empresarial,Chiclayo
857,Clementina Borja Rodríguez,Recurrente,RUC,11714438,Personal,Iquitos
858,Esteban Salvà Aragonés,Recurrente,DNI,13588269,Empresarial,Cusco
859,Evangelina Pinilla,Recurrente,CE,68359738,Empresarial,Puno
860,Fernando Sans Gutiérrez,Nuevo,RUC,34403038,Empresarial,Puno
861,Bibiana José Cortina Osorio,Recurrente,DNI,77641349,Pyme,Iquitos
862,Manuela de Arjona,Nuevo,DNI,75513786,Personal,Huancayo
863,Toni Tormo Palmer,Nuevo,DNI,7585054,Pyme,Piura
864,Leire Manrique Gonzalo,Nuevo,RUC,41206329,Personal,Huancayo
865,Casandra Amarilis Bernad Exposito,Recurrente,DNI,39333746,Personal,Iquitos
866,Amancio Alcaraz Montoya,Nuevo,RUC,33989455,Empresarial,Lima
867,Zoraida Roldan Hervia,Nuevo,CE,16593474,Empresarial,Arequipa
868,Marino Ayuso Soria,Nuevo,DNI,8581296,Pyme,Huancayo
869,Alondra de Garcia,Recurrente,RUC,68147428,Pyme,Arequipa
870,Felix Teodosio Ávila Goicoechea,Nuevo,CE,1108852,Personal,Huancayo
871,Maxi de Pinilla,Nuevo,CE,7250797,Pyme,Lima
872,Saturnino Arias Santana,Recurrente,CE,44693796,Personal,Cusco
873,Jordi Río Checa,Recurrente,RUC,81071171,Empresarial,Huancayo
874,Araceli Esparza Amores,Recurrente,RUC,84701401,Empresarial,Chiclayo
875,Dimas Castellanos,Nuevo,DNI,38460392,Personal,Trujillo
876,Darío Miguel Calderón Rovira,Nuevo,DNI,42053033,Personal,Trujillo
877,Anita Pavón Gálvez,Recurrente,RUC,57020735,Empresarial,Huancayo
878,Carmelita Godoy Contreras,Nuevo,CE,38528291,Empresarial,Cusco
879,Custodio Lago-Simó,Recurrente,RUC,81069816,Empresarial,Chiclayo
880,Clara Caro Lumbreras,Nuevo,DNI,31355570,Personal,Chiclayo
881,Yésica Diaz Osorio,Nuevo,DNI,86204944,Empresarial,Trujillo
882,Simón Tiburcio Alarcón Montenegro,Nuevo,CE,85181790,Personal,Piura
883,Guadalupe Cornejo Millán,Recurrente,CE,83497726,Personal,Chiclayo
884,Josué de Carvajal,Recurrente,DNI,23450129,Personal,Huancayo
885,Fidel Benítez Alberola,Recurrente,CE,86350893,Pyme,Iquitos
886,Jenaro Gaya Pons,Nuevo,DNI,96733237,Empresarial,Arequipa
887,Juan Francisco Arnal Gimeno,Nuevo,DNI,31309893,Personal,Lima
888,Nicanor Lobato-Ayuso,Nuevo,DNI,51587140,Personal,Huancayo
889,Manolo de Agudo,Recurrente,CE,73944070,Pyme,Arequipa
890,Herminio Lorenzo Rey,Recurrente,DNI,4103051,Personal,Arequipa
891,Palmira Morera-Bejarano,Nuevo,CE,54328871,Empresarial,Trujillo
892,Imelda Lobato,Nuevo,RUC,58538650,Personal,Lima
893,Aarón del Hoz,Recurrente,DNI,17448678,Personal,Puno
894,Isabela Mariscal Somoza,Recurrente,CE,86958158,Empresarial,Tacna
895,Tomás Antúnez Castellanos,Nuevo,RUC,76843669,Pyme,Huancayo
896,Socorro Taboada-Sedano,Nuevo,RUC,19667672,Personal,Trujillo
897,Benito Campo Peña,Recurrente,RUC,93542070,Empresarial,Trujillo
898,Tadeo Garzón Lumbreras,Nuevo,CE,4608542,Pyme,Puno
899,Amor Tello-Pol,Nuevo,CE,54531242,Empresarial,Tacna
900,Josué del Salmerón,Recurrente,CE,5306446,Empresarial,Lima
901,Blanca Gonzalo Echevarría,Nuevo,RUC,96386889,Empresarial,Trujillo
902,Tecla Suarez Manzano,Recurrente,DNI,73113561,Pyme,Iquitos
903,Albano Batalla-Valdés,Nuevo,CE,59506852,Pyme,Lima
904,Jerónimo Prieto Campo,Recurrente,CE,81626265,Empresarial,Tacna
905,Rafaela Arcelia Puga Murillo,Recurrente,RUC,22562297,Pyme,Iquitos
906,Jose Luis Vallejo Pastor,Recurrente,RUC,39716455,Empresarial,Trujillo
907,Itziar Piñeiro Huerta,Nuevo,RUC,94118541,Pyme,Cusco
908,Gervasio Tenorio Mora,Nuevo,RUC,94071966,Personal,Tacna
909,Pancho de Piquer,Recurrente,CE,26292375,Personal,Trujillo
910,Lorena Amador Mayo,Nuevo,DNI,90629087,Pyme,Cusco
911,Crescencia Rosaura Mateu Rey,Recurrente,CE,29442287,Pyme,Lima
912,Zacarías Vilaplana Nebot,Nuevo,CE,60817811,Empresarial,Piura
913,Estefanía Sevilla,Nuevo,DNI,65445073,Personal,Puno
914,Clímaco Martorell Vergara,Recurrente,CE,3352007,Pyme,Piura
915,Rosalina del Fiol,Nuevo,CE,63432584,Pyme,Piura
916,Pepita Almansa Piña,Nuevo,CE,31960773,Personal,Tacna
917,Ismael Bayón Gilabert,Recurrente,DNI,74458934,Empresarial,Lima
918,Santiago Español Torres,Nuevo,DNI,28467152,Personal,Puno
919,Alexandra Canales Fábregas,Nuevo,DNI,54052042,Pyme,Tacna
920,Hilda Alfonso Benito,Nuevo,RUC,52270006,Pyme,Cusco
921,Valeria Genoveva Barreda Tolosa,Nuevo,RUC,54267067,Pyme,Trujillo
922,Amílcar Huerta Cantero,Recurrente,DNI,7939465,Personal,Trujillo
923,Corona del Iñiguez,Nuevo,DNI,42997923,Pyme,Piura
924,Enrique Zaragoza,Nuevo,RUC,59940967,Pyme,Huancayo
925,Aitana Cortes Pino,Nuevo,RUC,45514332,Empresarial,Piura
926,Victoriano Palacio Ocaña,Nuevo,DNI,9582925,Pyme,Huancayo
927,Asunción Quirós Garmendia,Recurrente,CE,5416153,Empresarial,Trujillo
928,Oriana Morera Bonet,Recurrente,DNI,66261185,Pyme,Puno
929,Cayetana Cabrero Casares,Nuevo,RUC,48042724,Empresarial,Chiclayo
930,Roldán Llobet Diaz,Nuevo,DNI,70123983,Pyme,Lima
931,Benito Sureda-Garcia,Recurrente,CE,8037222,Personal,Trujillo
932,Gertrudis de Cózar,Recurrente,CE,61536262,Personal,Puno
933,Nydia de Jover,Nuevo,RUC,23366491,Personal,Piura
934,Fito Cánovas Pagès,Nuevo,DNI,96577550,Empresarial,Piura
935,Irma Salvà Jover,Nuevo,CE,40107720,Personal,Piura
936,Chus del Heras,Recurrente,DNI,87971189,Empresarial,Cusco
937,Leyre Salvà,Nuevo,CE,53178594,Personal,Piura
938,Azeneth Espejo Solera,Recurrente,DNI,93842840,Pyme,Lima
939,Loreto Antonia Tur Vaquero,Nuevo,RUC,11599757,Empresarial,Huancayo
940,Francisco Alsina Luna,Nuevo,RUC,73410667,Empresarial,Huancayo
941,Clementina Robles Mayo,Recurrente,CE,81945014,Empresarial,Arequipa
942,Angelino Jafet Osorio Ríos,Recurrente,CE,30565601,Pyme,Cusco
943,Bernarda Boada Bou,Nuevo,RUC,89463423,Personal,Lima
944,Guadalupe Sala Bosch,Recurrente,DNI,75820359,Empresarial,Chiclayo
945,Flavio Serna Bayón,Nuevo,DNI,59277833,Empresarial,Trujillo
946,Melania Eli Izaguirre Arjona,Recurrente,DNI,85836564,Pyme,Arequipa
947,Luis Sancho Baeza,Nuevo,RUC,85384417,Pyme,Puno
948,Leyre Gutiérrez Viñas,Recurrente,CE,18257590,Personal,Huancayo
949,Glauco Iñiguez Manjón,Nuevo,CE,30874786,Empresarial,Trujillo
950,Gaspar Carrera-Torrens,Nuevo,DNI,99998060,Empresarial,Cusco
951,Paloma Fortuny Tamarit,Nuevo,RUC,10324788,Pyme,Iquitos
952,Víctor Gual-Sastre,Recurrente,CE,88221830,Empresarial,Chiclayo
953,Cristina Sanjuan Alberdi,Nuevo,DNI,41083978,Personal,Huancayo
954,Javiera Hernandez Arcos,Recurrente,DNI,89606,Personal,Piura
955,Ema Bauzà Querol,Nuevo,RUC,64693759,Personal,Chiclayo
956,Herminia Fortuny,Recurrente,DNI,68346420,Personal,Lima
957,Jordán Velázquez-Ros,Nuevo,DNI,67975137,Pyme,Chiclayo
958,Julie Real-Cases,Nuevo,RUC,53725391,Personal,Chiclayo
959,Guadalupe Duran Sandoval,Recurrente,RUC,25964649,Empresarial,Chiclayo
960,Francisco Cordero-Puga,Nuevo,CE,48990483,Pyme,Huancayo
961,Miriam del Calderon,Nuevo,RUC,87922926,Empresarial,Piura
962,Concha Gomila Serrano,Nuevo,RUC,27462599,Personal,Chiclayo
963,Pacífica Ferrández-Luna,Recurrente,RUC,75175735,Empresarial,Cusco
964,Perla Valero Torrents,Recurrente,CE,99359796,Personal,Trujillo
965,Pía Genoveva Robles Gomez,Nuevo,DNI,24520324,Pyme,Piura
966,Bernabé del Cifuentes,Recurrente,CE,34496917,Personal,Iquitos
967,Vinicio Vallés,Nuevo,RUC,40172289,Pyme,Huancayo
968,Victor Manuel Molins Carlos,Recurrente,CE,3843970,Personal,Tacna
969,Pepe Múgica Núñez,Recurrente,DNI,69682230,Empresarial,Lima
970,Fausto del Tejera,Nuevo,DNI,3604435,Empresarial,Trujillo
971,Teo Palacio Palomo,Nuevo,DNI,24770286,Personal,Trujillo
972,Tomás de Cabeza,Nuevo,RUC,15507780,Personal,Huancayo
973,Purificación Asenjo Cañizares,Nuevo,CE,70679210,Personal,Puno
974,Francisca Luz Tirado,Recurrente,RUC,91758212,Pyme,Arequipa
975,Dora Álvarez Cal,Nuevo,RUC,39877532,Pyme,Huancayo
976,Jennifer Vicente Talavera,Recurrente,RUC,16673184,Pyme,Tacna
977,María Pallarès Molins,Nuevo,CE,86285840,Pyme,Puno
978,Carlota Taboada Linares,Recurrente,DNI,98276029,Empresarial,Trujillo
979,Adolfo Rosado Varela,Nuevo,CE,91166192,Pyme,Puno
980,Asdrubal Escribano Pont,Nuevo,DNI,78435491,Pyme,Arequipa
981,Calista Nevado Peralta,Recurrente,CE,81008300,Empresarial,Huancayo
982,Luciana Romero Feijoo,Recurrente,RUC,14526259,Pyme,Tacna
983,Tito Pla Alvarado,Recurrente,DNI,52952463,Personal,Chiclayo
984,Borja Cabello Escamilla,Recurrente,DNI,12229685,Pyme,Puno
985,Marina Cañas Quirós,Recurrente,DNI,88477598,Empresarial,Piura
986,Humberto Vendrell Arranz,Nuevo,DNI,13817934,Pyme,Tacna
987,Ainoa Mármol-Mateu,Recurrente,RUC,35513872,Personal,Piura
988,Sandra Ojeda Rueda,Recurrente,RUC,67155232,Empresarial,Tacna
989,Berto Barbero-Salvador,Nuevo,DNI,53085995,Personal,Chiclayo
990,Jose Francisco Rómulo Alonso Vizcaíno,Recurrente,RUC,24571223,Empresarial,Huancayo
991,Azucena Revilla Oller,Nuevo,DNI,3859229,Empresarial,Cusco
992,Cesar Corbacho Campoy,Recurrente,CE,43430673,Empresarial,Iquitos
993,Plácido Octavio Varela Seco,Recurrente,DNI,93615964,Pyme,Trujillo
994,Vinicio Almansa Blanch,Nuevo,RUC,9635408,Pyme,Iquitos
995,Magdalena Corbacho-Valbuena,Recurrente,DNI,5918514,Pyme,Puno
996,Alejandro Corbacho Hoz,Nuevo,DNI,285579,Personal,Cusco
997,Severo Cervantes Cámara,Nuevo,DNI,63518447,Personal,Tacna
998,Casemiro Font Crespi,Nuevo,RUC,71508902,Pyme,Cusco
999,Tania de Carballo,Recurrente,RUC,66894201,Empresarial,Iquitos
1000,Juan Bautista Requena-Villegas,Recurrente,CE,74766003,Personal,Lima
1001,María Fernanda González Menendez,Nuevo,RUC,16065335,Empresarial,Puno
1002,Ileana Ballesteros Álvaro,Recurrente,DNI,55150703,Empresarial,Puno
1003,Reina Rincón,Recurrente,RUC,6730270,Personal,Chiclayo
1004,Valerio Torres,Nuevo,RUC,82007866,Personal,Huancayo
1005,Griselda Jiménez Miralles,Nuevo,DNI,85778760,Pyme,Cusco
1006,Gerardo Ramírez,Nuevo,CE,63096555,Personal,Cusco
1007,Rosalina Charo Cordero Ramón,Recurrente,CE,65837563,Empresarial,Iquitos
1008,Sabina Barroso Urrutia,Nuevo,CE,8637374,Personal,Tacna
1009,Brunilda Villar Ordóñez,Nuevo,CE,3458194,Personal,Puno
1010,Begoña Fuertes Nicolau,Nuevo,DNI,32535953,Empresarial,Puno
1011,Marco Doménech Raya,Recurrente,CE,73736222,Pyme,Chiclayo
1012,Roxana Roura Marcos,Recurrente,RUC,40651364,Empresarial,Tacna
1013,Salomón Escalona-Salgado,Recurrente,DNI,24105134,Empresarial,Chiclayo
1014,Celso de Flores,Recurrente,CE,81053426,Personal,Lima
1015,Lidia de Avilés,Recurrente,CE,30157765,Pyme,Puno
1016,Jeremías Hurtado Fuertes,Recurrente,RUC,62666207,Pyme,Arequipa
1017,Eustaquio Vázquez Benet,Recurrente,DNI,21929107,Empresarial,Chiclayo
1018,Maricruz Figueroa-Valbuena,Recurrente,RUC,21264833,Empresarial,Chiclayo
1019,Ciriaco Larrea Francisco,Nuevo,DNI,50524679,Pyme,Cusco
1020,Ariadna Cepeda Cuadrado,Nuevo,CE,60727361,Empresarial,Piura
1021,Rómulo Puente-Espinosa,Nuevo,CE,94931892,Personal,Tacna
1022,Odalys Sainz-Albero,Recurrente,RUC,45357003,Empresarial,Huancayo
1023,Inmaculada Cañellas Catalán,Recurrente,CE,27877041,Personal,Puno
1024,Anna Herrera,Nuevo,RUC,46093230,Pyme,Cusco
1025,Prudencio Caro Mosquera,Recurrente,CE,28068215,Empresarial,Iquitos
1026,Edmundo del Lucena,Recurrente,DNI,53012026,Pyme,Iquitos
1027,Aníbal Ferreras Belda,Nuevo,RUC,97599,Personal,Tacna
1028,María Herrera Merino,Nuevo,CE,93790489,Empresarial,Iquitos
1029,Aitor Narváez Alvarado,Nuevo,CE,55706107,Empresarial,Arequipa
1030,Joaquina Asenjo Olivé,Nuevo,RUC,91855941,Personal,Chiclayo
1031,Griselda Mármol Gomila,Recurrente,RUC,24624199,Empresarial,Chiclayo
1032,Feliciano Emiliano Pulido Casares,Recurrente,RUC,57066609,Personal,Tacna
1033,Soraya Arias Rivera,Nuevo,CE,86641149,Pyme,Puno
1034,Adelardo Castellanos Grau,Nuevo,RUC,44024208,Personal,Iquitos
1035,José Mari Azorin Ricart,Nuevo,CE,59318440,Empresarial,Iquitos
1036,Samanta Daniela Sabater Leal,Recurrente,RUC,67593899,Personal,Trujillo
1037,Reyes de Gual,Nuevo,DNI,85309488,Empresarial,Huancayo
1038,Domitila Rivas Rico,Recurrente,DNI,38422074,Empresarial,Trujillo
1039,Dionisio Madrid Hervás,Nuevo,RUC,45145669,Empresarial,Trujillo
1040,Pancho Rovira-Pinilla,Recurrente,CE,34290089,Personal,Lima
1041,Nando Ildefonso Castro Polo,Recurrente,RUC,95222850,Personal,Trujillo
1042,Carmela Martin-Solsona,Nuevo,RUC,81560097,Personal,Trujillo
1043,Mercedes del Tejada,Recurrente,CE,61085151,Empresarial,Huancayo
1044,Adelina Sonia Pereira Bernal,Recurrente,RUC,68054250,Empresarial,Lima
1045,Francisco Javier Maza Abad,Nuevo,CE,91713370,Personal,Piura
1046,Jessica Elena Giralt Alemán,Nuevo,RUC,19800641,Pyme,Cusco
1047,Marco Vidal Quero,Nuevo,CE,93678730,Personal,Cusco
1048,Tadeo Lucas Urrutia Infante,Nuevo,CE,11377024,Empresarial,Chiclayo
1049,Salvador Andrés Felipe Piquer Dominguez,Nuevo,DNI,34788778,Empresarial,Iquitos
1050,Jordi Araujo Roselló,Recurrente,DNI,9718713,Personal,Lima
1051,Samanta Arnaiz Rosell,Recurrente,RUC,8502436,Empresarial,Iquitos
1052,Reyes Torre-Zurita,Recurrente,RUC,24068798,Pyme,Trujillo
1053,Áurea Camino-Baeza,Recurrente,RUC,25928207,Empresarial,Cusco
1054,Florentino Saez Calderon,Nuevo,RUC,90831178,Personal,Cusco
1055,Isabel Camacho Ibarra,Nuevo,CE,87254462,Personal,Cusco
1056,Jesusa Rosa María Solera Murillo,Nuevo,CE,63897078,Pyme,Trujillo
1057,Benigna Salamanca,Nuevo,RUC,75313615,Pyme,Lima
1058,Adoración Portero Fábregas,Recurrente,CE,39346097,Empresarial,Iquitos
1059,Fito Abel Baños Cordero,Nuevo,CE,82823512,Personal,Arequipa
1060,Ainoa Rosalva Porta Pastor,Nuevo,DNI,12617969,Pyme,Arequipa
1061,Felix Berenguer Ferreras,Recurrente,RUC,18463266,Empresarial,Arequipa
1062,Belen Berenguer,Recurrente,RUC,43106426,Pyme,Trujillo
1063,Angelina Larrañaga Robledo,Nuevo,CE,29009365,Pyme,Lima
1064,Andrés Felipe Mulet Marcos,Recurrente,RUC,2698188,Pyme,Arequipa
1065,Marcia Beltran Osorio,Recurrente,CE,46701469,Pyme,Trujillo
1066,Palmira Fuertes Granados,Recurrente,DNI,69639732,Pyme,Puno
1067,Ariadna Casals Barbero,Nuevo,RUC,18928784,Personal,Arequipa
1068,Belen Gabaldón Rosselló,Recurrente,DNI,14187562,Pyme,Cusco
1069,Ileana Catalina Conesa Bejarano,Recurrente,CE,70196484,Personal,Piura
1070,Socorro Carbajo,Recurrente,RUC,89205317,Personal,Lima
1071,Dolores Otilia Mesa Porcel,Recurrente,DNI,99339049,Pyme,Tacna
1072,Eutropio Montalbán Cabo,Recurrente,DNI,2287889,Personal,Lima
1073,Curro Mateo Suárez Uribe,Nuevo,DNI,72534026,Pyme,Tacna
1074,Jordi Ruiz-Martorell,Nuevo,DNI,5199740,Pyme,Arequipa
1075,Raquel Hoz Sandoval,Nuevo,RUC,46154642,Pyme,Cusco
1076,Clara Méndez Zamora,Recurrente,RUC,95073173,Empresarial,Tacna
1077,Salud Chita Álvarez Tejedor,Nuevo,DNI,40571702,Personal,Lima
1078,Juliana Cabeza Almazán,Recurrente,RUC,29087251,Pyme,Piura
1079,Amaro Leal Nuñez,Recurrente,CE,9127600,Personal,Arequipa
1080,Wilfredo Peñas Prats,Nuevo,DNI,54383354,Personal,Trujillo
1081,Marcia Benavent Aguirre,Recurrente,RUC,11151356,Empresarial,Puno
1082,Pastora Marina Echeverría Jordán,Recurrente,CE,791819,Personal,Piura
1083,Olimpia Llano,Recurrente,DNI,46371901,Personal,Huancayo
1084,Merche Sureda Jara,Recurrente,RUC,73080953,Empresarial,Huancayo
1085,Montserrat del Girona,Recurrente,RUC,85024944,Pyme,Trujillo
1086,Albina Gisbert Collado,Nuevo,DNI,31395761,Pyme,Lima
1087,Herberto Cabezas Sancho,Nuevo,DNI,64013642,Empresarial,Puno
1088,Modesto Menéndez Casals,Recurrente,CE,18592515,Pyme,Tacna
1089,Raimundo de Guillen,Nuevo,CE,59549750,Empresarial,Piura
1090,Celso Bolaños,Nuevo,CE,67104358,Pyme,Trujillo
1091,Lorenzo García Ferrero,Recurrente,RUC,24609065,Personal,Huancayo
1092,Jesusa Mendoza,Recurrente,DNI,15700573,Personal,Chiclayo
1093,Aitor Huertas-Tello,Recurrente,DNI,14510751,Pyme,Iquitos
1094,Damián Marcos Torrens,Nuevo,CE,24262798,Empresarial,Iquitos
1095,Luis Ángel Baena,Nuevo,RUC,72852816,Pyme,Cusco
1096,Anabel Domínguez Ramos,Recurrente,RUC,91347361,Pyme,Huancayo
1097,Gloria Neira Gual,Nuevo,CE,68529534,Pyme,Lima
1098,Julia Martí Almagro,Nuevo,CE,83507421,Personal,Iquitos
1099,Maristela Nieves Cerro Caballero,Recurrente,RUC,90053916,Personal,Arequipa
1100,Yago Ramirez Quiroga,Recurrente,RUC,55849092,Personal,Piura
1101,Ámbar Andrade Solera,Recurrente,DNI,66892203,Pyme,Cusco
1102,Pablo Frutos,Recurrente,RUC,79549487,Personal,Arequipa
1103,Lázaro Prieto Correa,Recurrente,RUC,54592174,Pyme,Tacna
1104,Amando Samuel Ros Morata,Nuevo,RUC,4789412,Empresarial,Piura
1105,Luna Emperatriz Mulet Barral,Nuevo,RUC,37873342,Pyme,Lima
1106,Herminio Cárdenas Carrasco,Nuevo,RUC,90763622,Empresarial,Lima
1107,Jose Francisco Bárcena Tirado,Nuevo,DNI,67044881,Pyme,Puno
1108,Esteban Ortega Perales,Recurrente,CE,83286041,Pyme,Cusco
1109,Jose Luis Salamanca-Araujo,Recurrente,RUC,80419121,Empresarial,Lima
1110,Leandra Olivia Manso Carballo,Nuevo,RUC,77635598,Empresarial,Iquitos
1111,Juan Luis Baena Yáñez,Recurrente,CE,1569201,Pyme,Piura
1112,Silvia Cañellas-Quiroga,Recurrente,DNI,40654028,Personal,Cusco
1113,Jorge Melero-Figueras,Nuevo,RUC,67833975,Empresarial,Chiclayo
1114,Amalia Vilanova Jover,Recurrente,CE,65175211,Personal,Lima
1115,Bárbara Carnero Terrón,Nuevo,RUC,8258508,Personal,Huancayo
1116,Custodio Rafa Carretero Carvajal,Nuevo,RUC,47306473,Pyme,Cusco
1117,Francisca Bonet Almagro,Nuevo,DNI,78665542,Empresarial,Cusco
1118,Rita Cuesta-Marqués,Recurrente,DNI,77603711,Pyme,Piura
1119,Fabiana Araujo Riquelme,Nuevo,RUC,55604604,Personal,Puno
1120,Rafael Barberá-Vega,Nuevo,RUC,86373886,Empresarial,Puno
1121,Clotilde Cortes Bosch,Nuevo,RUC,59168112,Personal,Iquitos
1122,Virgilio Carballo Adán,Nuevo,CE,52082561,Empresarial,Puno
1123,Mirta Bravo Montenegro,Recurrente,CE,17256262,Personal,Puno
1124,Cecilia Jáuregui Reguera,Nuevo,CE,71005806,Personal,Arequipa
1125,Manola Tania Hernando Guillén,Recurrente,CE,91698844,Pyme,Puno
1126,Chelo Tomé Laguna,Recurrente,CE,15757992,Empresarial,Huancayo
1127,Venceslás Donoso España,Nuevo,RUC,69597027,Empresarial,Piura
1128,Néstor Garcia Barrena,Recurrente,RUC,71946048,Personal,Trujillo
1129,Hector Carrera Peral,Recurrente,CE,32841683,Pyme,Iquitos
1130,Geraldo Cortina Garmendia,Recurrente,CE,65633014,Pyme,Piura
1131,Felipe Iglesias-Pareja,Nuevo,DNI,66992338,Personal,Puno
1132,Agustín Barrera Abella,Recurrente,CE,44626781,Empresarial,Trujillo
1133,Roldán Garcia,Nuevo,CE,77259059,Pyme,Piura
1134,Ramón Remigio Sabater Alberdi,Nuevo,RUC,50766246,Pyme,Tacna
1135,Mariano Villegas Goicoechea,Recurrente,CE,50969795,Pyme,Iquitos
1136,Crescencia de Peral,Recurrente,RUC,50017970,Personal,Iquitos
1137,Rosenda Vara Gonzalez,Nuevo,DNI,90923184,Empresarial,Trujillo
1138,Malena Roldán Solera,Nuevo,CE,19909467,Personal,Cusco
1139,Leoncio Robles Torrens,Recurrente,DNI,82605211,Empresarial,Chiclayo
1140,América Angélica Ibarra Llabrés,Nuevo,DNI,96762252,Pyme,Chiclayo
1141,Marisela Rincón Osorio,Nuevo,CE,89577344,Personal,Piura
1142,María Ángeles Paniagua Landa,Recurrente,DNI,13063574,Pyme,Iquitos
1143,Alonso Baños Español,Nuevo,CE,71060508,Pyme,Iquitos
1144,Carmela Saavedra Cabrero,Recurrente,DNI,68168188,Pyme,Chiclayo
1145,Moreno Pinedo Egea,Nuevo,RUC,33353112,Empresarial,Huancayo
1146,Mohamed Vera Carro,Recurrente,CE,5592249,Personal,Lima
1147,Joaquina Gárate Villanueva,Recurrente,DNI,4825885,Pyme,Tacna
1148,Aurora Álvaro Domínguez,Nuevo,CE,88342373,Pyme,Piura
1149,Benjamín Prieto Escrivá,Nuevo,CE,53257727,Personal,Chiclayo
1150,Bernardino Toro Tomé,Recurrente,DNI,49714357,Pyme,Arequipa
1151,Milagros de Gonzalez,Nuevo,DNI,93330010,Pyme,Iquitos
1152,Rosario Barros Villena,Nuevo,RUC,28772757,Personal,Huancayo
1153,Gaspar José Antonio Coca Bauzà,Recurrente,CE,61507462,Empresarial,Trujillo
1154,Rosaura Hidalgo Nogués,Nuevo,CE,63416265,Empresarial,Lima
1155,Álvaro Ismael Ramis Gras,Recurrente,RUC,96107034,Pyme,Trujillo
1156,Josep Solana-Calderon,Nuevo,DNI,96401154,Empresarial,Puno
1157,Benigna Bustamante-Escudero,Nuevo,CE,3200468,Pyme,Chiclayo
1158,Merche Botella Rivera,Recurrente,CE,77401456,Pyme,Piura
1159,Marisa Alemán Yuste,Nuevo,CE,38819389,Empresarial,Iquitos
1160,Florinda Felisa Carro Valentín,Nuevo,DNI,70514794,Pyme,Arequipa
1161,Heraclio Carmona Garzón,Nuevo,RUC,52292923,Pyme,Iquitos
1162,Artemio de Castro,Recurrente,DNI,78689746,Empresarial,Cusco
1163,Aroa Espada Mora,Nuevo,CE,18942957,Empresarial,Piura
1164,Ricarda Benet Linares,Recurrente,RUC,30258190,Personal,Puno
1165,Dolores Monreal Barbero,Recurrente,CE,62369718,Pyme,Lima
1166,Trini del Nuñez,Nuevo,CE,79019705,Empresarial,Tacna
1167,Loreto Bernal Caro,Nuevo,CE,38109705,Pyme,Puno
1168,Jerónimo Javi Ramos Mancebo,Nuevo,DNI,33231272,Pyme,Piura
1169,Haroldo Alberto Soria,Recurrente,DNI,44773449,Empresarial,Chiclayo
1170,Galo Riba Olivera,Recurrente,DNI,83108264,Pyme,Piura
1171,Laura Valverde Barrena,Recurrente,RUC,22067674,Personal,Chiclayo
1172,Ascensión Sacristán Páez,Nuevo,RUC,71175359,Pyme,Arequipa
1173,Celia Bautista,Nuevo,DNI,61844887,Pyme,Iquitos
1174,Florencio Lillo Cantero,Nuevo,CE,34144423,Personal,Cusco
1175,Curro Lázaro Machado Sales,Nuevo,CE,58351882,Empresarial,Arequipa
1176,Viviana Soraya Duque Valenzuela,Nuevo,CE,47970829,Pyme,Huancayo
1177,Rómulo Bayón Arellano,Nuevo,CE,97091178,Pyme,Trujillo
1178,Darío Pavón-Nadal,Nuevo,RUC,7373849,Pyme,Piura
1179,Rosalva Ariza Pozuelo,Nuevo,DNI,21423642,Personal,Lima
1180,Nando Prado,Nuevo,RUC,59364272,Pyme,Arequipa
1181,Dimas Cuevas Giralt,Nuevo,RUC,18405968,Empresarial,Huancayo
1182,Marcia Pereira Meléndez,Recurrente,CE,79689962,Empresarial,Huancayo
1183,Domitila del Gonzalo,Recurrente,DNI,66742847,Empresarial,Arequipa
1184,Haydée Vilar,Nuevo,CE,53999606,Pyme,Puno
1185,Verónica del Alcázar,Nuevo,CE,57284383,Pyme,Lima
1186,Noa Lamas Daza,Nuevo,RUC,66275904,Pyme,Arequipa
1187,Noa Campos,Recurrente,CE,47117896,Empresarial,Puno
1188,Graciana Alegre Arrieta,Nuevo,RUC,37998665,Empresarial,Huancayo
1189,Crescencia del Nebot,Recurrente,CE,39100207,Personal,Tacna
1190,Luisa Elorza Jove,Nuevo,CE,39155560,Personal,Trujillo
1191,Jordana Pardo-Fuente,Recurrente,CE,44881119,Empresarial,Trujillo
1192,Victor Manuel Cal-Carmona,Recurrente,CE,80959052,Pyme,Piura
1193,Urbano Esteban Alcántara Sarabia,Nuevo,CE,74601099,Pyme,Trujillo
1194,Abel del Guardiola,Nuevo,DNI,65257495,Personal,Puno
1195,Leoncio Sancho,Recurrente,CE,80353013,Pyme,Arequipa
1196,Javiera Galan-González,Recurrente,DNI,89393018,Pyme,Piura
1197,Lilia Ferreras Díaz,Nuevo,RUC,82790844,Pyme,Iquitos
1198,Rosa María Bellido Garriga,Nuevo,DNI,8198877,Personal,Cusco
1199,Margarita Cuéllar Ugarte,Recurrente,DNI,52829145,Personal,Trujillo
1200,Natanael Aguirre Recio,Nuevo,CE,59465223,Empresarial,Iquitos
1201,Fátima Tur Amat,Nuevo,RUC,7156116,Pyme,Arequipa
1202,Leonor Pagès Francisco,Recurrente,DNI,47116513,Personal,Puno
1203,Lorena Polo Montaña,Recurrente,RUC,35364630,Empresarial,Trujillo
1204,César de Cañellas,Nuevo,DNI,17814031,Empresarial,Puno
1205,Jenaro Cipriano Ayllón Grande,Nuevo,DNI,89868345,Empresarial,Tacna
1206,Tatiana Pavón Suarez,Recurrente,RUC,5452532,Pyme,Chiclayo
1207,Gema Sans Palmer,Nuevo,CE,25787368,Pyme,Piura
1208,Lupita Izquierdo Portero,Recurrente,RUC,54144022,Personal,Lima
1209,Jacinta de Viñas,Recurrente,DNI,8819865,Personal,Huancayo
1210,Sarita Pedrosa Santana,Recurrente,RUC,61136229,Personal,Piura
1211,Leocadia Frías Aliaga,Recurrente,RUC,94093328,Empresarial,Piura
1212,Brunilda Borrego Carbajo,Recurrente,RUC,50257013,Pyme,Arequipa
1213,Danilo Aguirre Torralba,Nuevo,CE,80795108,Pyme,Arequipa
1214,Rubén Serna-Esteban,Recurrente,DNI,30835187,Pyme,Cusco
1215,Gregorio Hugo Seco Bustos,Recurrente,CE,25905625,Pyme,Arequipa
1216,Ciríaco Mancebo Aragón,Nuevo,DNI,17932760,Pyme,Lima
1217,Eustaquio Mercader Ramirez,Recurrente,CE,47504659,Personal,Lima
1218,Teodosio Vila Viñas,Recurrente,CE,72457232,Pyme,Tacna
1219,Anastasia Barceló Berrocal,Nuevo,RUC,68083182,Empresarial,Cusco
1220,Alicia Arjona Nogués,Recurrente,DNI,45909050,Empresarial,Iquitos
1221,Anacleto de Perelló,Nuevo,RUC,21224712,Empresarial,Iquitos
1222,Dominga Cortés Ballesteros,Nuevo,CE,28810418,Personal,Puno
1223,Saturnina Torralba Pol,Nuevo,CE,76901147,Personal,Tacna
1224,Marisa Ortiz-Barba,Nuevo,DNI,77816618,Pyme,Puno
1225,Amalia María Pilar Dueñas Garcia,Nuevo,CE,73490739,Pyme,Tacna
1226,Francisco Javier Cañizares Diaz,Recurrente,DNI,66967629,Personal,Tacna
1227,Lorenza Medina,Nuevo,DNI,51860907,Empresarial,Piura
1228,Fernando Andrade Leal,Nuevo,DNI,7782573,Pyme,Cusco
1229,Fabiola Tejedor Bertrán,Recurrente,RUC,48673621,Empresarial,Tacna
1230,Nidia Elorza Lledó,Nuevo,DNI,41082334,Pyme,Piura
1231,Aristides Nadal,Nuevo,CE,23937273,Pyme,Chiclayo
1232,Maricela Tirado Abascal,Recurrente,CE,91017062,Pyme,Puno
1233,Paloma Moliner Ferrándiz,Nuevo,RUC,98245951,Pyme,Huancayo
1234,Jose Francisco de Amador,Recurrente,CE,55726814,Pyme,Arequipa
1235,Aureliano del Herranz,Recurrente,RUC,92522554,Personal,Iquitos
1236,Iris Aguilera,Recurrente,RUC,75312555,Empresarial,Tacna
1237,Noelia Guerrero Jódar,Recurrente,CE,50817816,Personal,Iquitos
1238,Dafne Pereira Campoy,Nuevo,RUC,83437662,Personal,Cusco
1239,Leonor Pazos Novoa,Nuevo,CE,95985047,Pyme,Chiclayo
1240,Félix Folch Jara,Nuevo,DNI,59240362,Personal,Trujillo
1241,Rocío Tenorio Rosell,Recurrente,CE,77763186,Pyme,Arequipa
1242,Nazaret Romeu Carbonell,Nuevo,RUC,46524382,Empresarial,Arequipa
1243,Brunilda Quevedo Marti,Recurrente,CE,97451169,Empresarial,Tacna
1244,José Ángel Claudio Valera Reguera,Nuevo,CE,41975129,Personal,Huancayo
1245,Encarnacion Cabezas-Santiago,Nuevo,DNI,88448293,Personal,Trujillo
1246,Delia Silvia Jordán Aznar,Nuevo,DNI,97826485,Pyme,Iquitos
1247,Vito Vicente Zabaleta Peral,Nuevo,CE,19755361,Personal,Lima
1248,Vidal Montserrat-Río,Nuevo,RUC,71497590,Personal,Iquitos
1249,Gustavo Duque-Feijoo,Recurrente,CE,19046616,Pyme,Lima
1250,Ale Violeta Roca Menendez,Recurrente,DNI,92967756,Personal,Tacna
1251,Amando Blázquez Aragón,Recurrente,RUC,71348707,Personal,Cusco
1252,Isabel Nevado Parra,Recurrente,CE,82133251,Personal,Puno
1253,Martin del Flor,Nuevo,CE,28760203,Pyme,Iquitos
1254,Lope de Cañas,Recurrente,DNI,76979842,Pyme,Piura
1255,Sandra Ángeles Vendrell Paniagua,Recurrente,CE,75080657,Pyme,Arequipa
1256,Berto Herminio Noriega Herrero,Nuevo,RUC,80164410,Empresarial,Trujillo
1257,David Olmo Matas,Nuevo,DNI,84466924,Personal,Iquitos
1258,Zoraida Medina Perera,Recurrente,DNI,88852523,Pyme,Arequipa
1259,Cipriano Salvà Amorós,Nuevo,RUC,45341411,Pyme,Puno
1260,Rufina Casanovas Vega,Nuevo,CE,82736367,Pyme,Arequipa
1261,Antonia Haro Pellicer,Nuevo,RUC,39920502,Pyme,Trujillo
1262,María Del Carmen Arias Cuevas,Nuevo,CE,84958153,Pyme,Huancayo
1263,Yaiza Chacón Ballesteros,Recurrente,RUC,49771031,Personal,Iquitos
1264,Azucena Ferrán Peralta,Recurrente,DNI,51980215,Empresarial,Huancayo
1265,Chucho Alejo Villaverde Heras,Recurrente,CE,12771488,Pyme,Puno
1266,Fabricio Badía Porras,Nuevo,RUC,28354577,Personal,Chiclayo
1267,Isaura de Dalmau,Recurrente,DNI,46247780,Personal,Chiclayo
1268,Encarnita Pelayo,Recurrente,RUC,10782842,Personal,Lima
1269,César Rocamora Alberola,Nuevo,CE,1517094,Pyme,Arequipa
1270,Zoraida del Quiroga,Nuevo,RUC,94207657,Pyme,Cusco
1271,Conrado Llanos Ferrer,Recurrente,RUC,4621106,Empresarial,Arequipa
1272,Isabela Salvà Riquelme,Nuevo,RUC,53703496,Pyme,Puno
1273,Berto Salvador Montaña,Recurrente,RUC,64619102,Pyme,Huancayo
1274,Hernando Alemany Porcel,Recurrente,CE,42392476,Empresarial,Huancayo
1275,Eutropio Fabra Cabo,Nuevo,RUC,35457073,Pyme,Iquitos
1276,Hernán del Matas,Recurrente,DNI,21885557,Empresarial,Iquitos
1277,Eugenio de Escribano,Recurrente,RUC,75654351,Empresarial,Puno
1278,Curro Gomila-Jerez,Recurrente,CE,31966667,Empresarial,Trujillo
1279,Hector Crespi Vilalta,Nuevo,CE,53680747,Personal,Tacna
1280,Hermenegildo Llobet Vicens,Nuevo,DNI,90821645,Personal,Iquitos
1281,Irma Valls Aller,Recurrente,RUC,46973042,Pyme,Puno
1282,Consuelo Cantón,Nuevo,DNI,79077178,Empresarial,Lima
1283,Maximiano del Echeverría,Nuevo,DNI,77872693,Empresarial,Puno
1284,Benita Yáñez,Recurrente,DNI,53211752,Personal,Chiclayo
1285,Paola Velázquez Pintor,Nuevo,RUC,55591868,Personal,Puno
1286,Alma Franch Milla,Nuevo,CE,35168718,Empresarial,Huancayo
1287,Begoña Angélica Ferrán Puerta,Recurrente,CE,35945913,Pyme,Lima
1288,Áurea Valenciano Pons,Nuevo,CE,8292771,Empresarial,Tacna
1289,Wilfredo Pi Camps,Nuevo,DNI,72242119,Pyme,Iquitos
1290,Josep de Andrés,Recurrente,DNI,61754495,Personal,Puno
1291,Anselma Morera Alcalá,Nuevo,CE,9069055,Personal,Lima
1292,Begoña Anglada Peláez,Recurrente,DNI,25568050,Pyme,Lima
1293,Antonia Ainara Manzanares Millán,Nuevo,DNI,82456264,Empresarial,Huancayo
1294,Silvio Serra Bosch,Recurrente,CE,72453278,Empresarial,Huancayo
1295,Cruz Paredes Solana,Nuevo,CE,50910057,Personal,Arequipa
1296,Vinicio Murcia-Alegre,Nuevo,CE,90683721,Empresarial,Iquitos
1297,Marina Susanita Navarro Sedano,Recurrente,RUC,56080678,Empresarial,Cusco
1298,Dominga Bonet Torrent,Nuevo,RUC,39245689,Empresarial,Puno
1299,Anastasio Mármol Belmonte,Nuevo,RUC,1814943,Personal,Huancayo
1300,Manu Pallarès Casanovas,Nuevo,CE,70345360,Personal,Iquitos
1301,Natanael Vilanova Costa,Recurrente,RUC,25990633,Personal,Iquitos
1302,Ale Piquer Orozco,Recurrente,CE,45338275,Pyme,Chiclayo
1303,Abel Blanco Cánovas,Recurrente,RUC,5697762,Pyme,Tacna
1304,Calisto Cantero Valls,Nuevo,RUC,61693006,Empresarial,Tacna
1305,Bienvenida Uría Pont,Nuevo,RUC,48613372,Personal,Chiclayo
1306,Alexandra del Beltran,Nuevo,RUC,98053164,Pyme,Cusco
1307,Ágata Cortina Donoso,Nuevo,RUC,29736457,Empresarial,Piura
1308,Anna Cárdenas Rosell,Nuevo,CE,68776960,Empresarial,Cusco
1309,Rosaura Cepeda Villalobos,Recurrente,DNI,82006548,Empresarial,Piura
1310,Iván Moisés Mir Yuste,Nuevo,CE,18728891,Personal,Tacna
1311,Irene Sebastián Díaz,Recurrente,RUC,35353882,Personal,Puno
1312,Moisés Novoa Elorza,Recurrente,DNI,98388439,Pyme,Cusco
1313,Natividad Gallo,Recurrente,CE,63006674,Personal,Cusco
1314,Tatiana Mancebo,Nuevo,RUC,13412809,Personal,Cusco
1315,Eva Amat-Galindo,Nuevo,DNI,69797082,Pyme,Piura
1316,Kike Gelabert Checa,Nuevo,DNI,37621086,Personal,Arequipa
1317,Luciana Sáenz Balaguer,Recurrente,CE,81107228,Personal,Iquitos
1318,Adora Cecilia Toro Hervia,Nuevo,RUC,1559531,Empresarial,Puno
1319,Bernardino Prado-Ángel,Recurrente,RUC,19119375,Pyme,Chiclayo
1320,Eloísa Vallés-Iñiguez,Recurrente,DNI,46677878,Pyme,Chiclayo
1321,Itziar Soria,Recurrente,DNI,33860734,Pyme,Trujillo
1322,Sigfrido Tirado,Nuevo,CE,68103317,Empresarial,Tacna
1323,José Manuel Berto Merino Carmona,Nuevo,CE,75863862,Empresarial,Huancayo
1324,Fabricio Valenciano-Villalonga,Nuevo,RUC,34793008,Personal,Iquitos
1325,Bernardo Zabala Amores,Recurrente,RUC,91263331,Pyme,Lima
1326,Noa Bolaños Calzada,Nuevo,CE,66833397,Personal,Huancayo
1327,Victor Manuel Molins Moreno,Nuevo,RUC,46090252,Empresarial,Puno
1328,Concepción Roma Ramírez,Recurrente,DNI,93517362,Pyme,Chiclayo
1329,Juanita Silva Vilaplana,Nuevo,RUC,80814747,Empresarial,Puno
1330,Benigno Claudio Enríquez Uría,Recurrente,RUC,96162519,Personal,Tacna
1331,Brunilda Gallardo Cordero,Recurrente,DNI,73172741,Empresarial,Piura
1332,Régulo Bermudez Sevilla,Recurrente,RUC,32883637,Empresarial,Tacna
1333,Jose Cáceres Carreras,Nuevo,CE,58947733,Personal,Puno
1334,Vidal Real Céspedes,Nuevo,DNI,90923190,Pyme,Chiclayo
1335,Angélica Colom-Mas,Nuevo,CE,26399242,Empresarial,Huancayo
1336,Eva María Peral Bejarano,Nuevo,DNI,24648367,Pyme,Trujillo
1337,Ligia Folch Montaña,Recurrente,DNI,20072343,Personal,Huancayo
1338,Aitor Cornejo Mendizábal,Recurrente,DNI,36400121,Pyme,Iquitos
1339,Herminia Mascaró,Recurrente,RUC,66517405,Empresarial,Chiclayo
1340,Ariadna Elías Torre,Nuevo,RUC,27634466,Personal,Trujillo
1341,Maricela Sebastián Cabezas,Nuevo,DNI,38392283,Empresarial,Tacna
1342,Maite Mendizábal Quirós,Nuevo,RUC,43665345,Pyme,Piura
1343,María Carmen Reina Lasa,Recurrente,RUC,12808732,Empresarial,Iquitos
1344,Asdrubal Gallo,Recurrente,RUC,49366515,Personal,Huancayo
1345,Rico Sevillano Orozco,Nuevo,RUC,60011824,Pyme,Puno
1346,Erasmo Estevez Sureda,Nuevo,CE,70276758,Pyme,Iquitos
1347,Hipólito Bellido Gascón,Nuevo,RUC,37155574,Empresarial,Piura
1348,Joel Sierra Aparicio,Recurrente,CE,69419540,Empresarial,Arequipa
1349,Aristides Nadal-Baños,Recurrente,CE,26462006,Empresarial,Tacna
1350,Vilma Quero-Valera,Nuevo,DNI,5374592,Pyme,Piura
1351,Patricia Infante Tur,Recurrente,CE,77736722,Pyme,Puno
1352,Yolanda Roselló,Recurrente,DNI,47511969,Personal,Trujillo
1353,Alejo Escobar Toro,Recurrente,DNI,72613841,Empresarial,Piura
1354,Apolonia Céspedes,Recurrente,CE,45075668,Empresarial,Puno
1355,Marita Posada,Recurrente,RUC,87403635,Empresarial,Piura
1356,Irma Lara Amat Toledo,Recurrente,RUC,98674942,Personal,Trujillo
1357,Jeremías Cárdenas Esteban,Nuevo,DNI,8113729,Pyme,Cusco
1358,Valentín Francisco Jose Arellano Aznar,Recurrente,CE,89355036,Pyme,Arequipa
1359,Ezequiel Ceferino Ferrera Alfonso,Nuevo,DNI,12883970,Empresarial,Arequipa
1360,Baudelio Arévalo-Castejón,Nuevo,DNI,97833047,Empresarial,Iquitos
1361,Anselmo Quintero Jódar,Nuevo,DNI,4425664,Empresarial,Iquitos
1362,Jordana Ríos,Nuevo,DNI,37700314,Empresarial,Puno
1363,Raquel Caballero Manrique,Nuevo,DNI,79763171,Pyme,Huancayo
1364,Renato Salgado Buendía,Recurrente,DNI,27961241,Personal,Chiclayo
1365,Hernán Losa Soriano,Recurrente,CE,37383357,Personal,Trujillo
1366,Magdalena Rivas Jaén,Nuevo,DNI,51101117,Personal,Piura
1367,Domitila Evelia Ayllón Arnau,Recurrente,RUC,33475230,Empresarial,Iquitos
1368,Brunilda Bustamante,Recurrente,CE,19392186,Empresarial,Trujillo
1369,Jenaro Glauco Tejera Cerezo,Nuevo,CE,71548473,Pyme,Tacna
1370,Mohamed Fortuny Leal,Recurrente,CE,66942195,Pyme,Iquitos
1371,Fabiola Quero,Recurrente,RUC,63863231,Empresarial,Iquitos
1372,Anselmo de Valbuena,Nuevo,DNI,1300836,Empresarial,Chiclayo
1373,María Fernanda Marisela Valero Olivares,Recurrente,RUC,73401915,Empresarial,Trujillo
1374,Octavia Áurea Oliva Vigil,Recurrente,DNI,73770564,Personal,Iquitos
1375,Victorino Cózar Bernad,Nuevo,RUC,49448992,Empresarial,Tacna
1376,Teobaldo Ayuso,Nuevo,CE,11864949,Empresarial,Tacna
1377,Casemiro Pinto Orozco,Recurrente,DNI,54033558,Empresarial,Chiclayo
1378,Brunilda de Abad,Nuevo,DNI,94402828,Pyme,Piura
1379,Clímaco Becerra Gutiérrez,Nuevo,RUC,5789509,Pyme,Huancayo
1380,Juan Carlos Atilio Cortes Jordán,Recurrente,DNI,43476211,Personal,Huancayo
1381,Regina Calatayud Ricart,Recurrente,DNI,60492787,Empresarial,Arequipa
1382,Espiridión Nicodemo Gámez Pérez,Recurrente,CE,23802821,Personal,Iquitos
1383,Albino Arsenio Garcés Noriega,Recurrente,RUC,31409238,Pyme,Iquitos
1384,Luisina de Tamarit,Recurrente,RUC,73645967,Personal,Arequipa
1385,Álvaro Sureda,Nuevo,DNI,64317447,Empresarial,Arequipa
1386,Buenaventura Seco Cabello,Recurrente,CE,39934019,Empresarial,Chiclayo
1387,Zacarías Mármol Gallart,Recurrente,DNI,6696381,Empresarial,Lima
1388,Maricela Pérez Solera,Nuevo,DNI,27222357,Pyme,Lima
1389,Moreno de Gras,Nuevo,DNI,98571282,Empresarial,Chiclayo
1390,Eladio Verdugo Acedo,Nuevo,CE,63547399,Empresarial,Lima
1391,Primitiva Bernat-Palacio,Nuevo,DNI,62651997,Personal,Lima
1392,Severiano Cardona Gallart,Recurrente,DNI,9003278,Empresarial,Huancayo
1393,Adriana Luisina Granados Expósito,Recurrente,RUC,22044743,Empresarial,Tacna
1394,Esmeralda Izquierdo Boix,Nuevo,RUC,31593218,Personal,Trujillo
1395,Rosalina Pardo Galan,Nuevo,RUC,8757719,Empresarial,Arequipa
1396,Arsenio Mendizábal Quiroga,Recurrente,DNI,48993652,Personal,Chiclayo
1397,Soraya Llopis Mena,Recurrente,DNI,31953378,Personal,Cusco
1398,Magdalena de Duarte,Recurrente,RUC,15266299,Personal,Lima
1399,Maximino Eligio Gallardo Benito,Nuevo,RUC,26785802,Pyme,Arequipa
1400,Pepe Ramirez Falcón,Nuevo,RUC,86407740,Empresarial,Chiclayo
1401,Damián Santamaría Torrijos,Recurrente,DNI,12059583,Pyme,Lima
1402,Salomé Cueto Montenegro,Nuevo,RUC,5194607,Empresarial,Chiclayo
1403,Genoveva del Pérez,Nuevo,RUC,4184380,Personal,Cusco
1404,Sara Torres-Rosell,Nuevo,DNI,85392440,Pyme,Huancayo
1405,Atilio Valero-Aragonés,Recurrente,DNI,87530129,Personal,Chiclayo
1406,Lorena del Peral,Nuevo,RUC,29446684,Personal,Lima
1407,Andrea del Morán,Nuevo,CE,70727528,Pyme,Tacna
1408,Leonel Vives Cañellas,Nuevo,RUC,81823229,Personal,Cusco
1409,Vinicio Sureda,Nuevo,RUC,6460195,Personal,Puno
1410,Julia Manu Contreras Barceló,Recurrente,CE,44880468,Personal,Lima
1411,Godofredo Alberdi Ruano,Recurrente,CE,98675994,Personal,Iquitos
1412,Candelario Sanmartín,Nuevo,DNI,82618452,Empresarial,Cusco
1413,Trinidad Carro Llanos,Recurrente,CE,62444243,Pyme,Piura
1414,Quirino Pedraza Casares,Recurrente,CE,29413453,Personal,Lima
1415,Bernabé Infante Bravo,Recurrente,RUC,63795240,Pyme,Trujillo
1416,Saturnina Mora Rocha,Recurrente,DNI,57553361,Empresarial,Tacna
1417,Beatriz Abascal Aparicio,Recurrente,CE,60664614,Pyme,Tacna
1418,Curro Benítez Cantero,Nuevo,CE,34883756,Personal,Iquitos
1419,Malena Salinas Esteve,Recurrente,RUC,61320369,Pyme,Tacna
1420,Humberto Ariño Ríos,Recurrente,CE,48453277,Pyme,Trujillo
1421,Bonifacio Castellanos,Nuevo,CE,22131358,Personal,Tacna
1422,Prudencio Oller-Corbacho,Recurrente,RUC,74345790,Pyme,Piura
1423,Marianela Peralta Viña,Recurrente,DNI,14408069,Pyme,Iquitos
1424,Germán del Cabeza,Recurrente,CE,79689840,Personal,Lima
1425,Rico Lobo Perea,Recurrente,CE,65939430,Personal,Piura
1426,Amaya Salamanca,Nuevo,CE,98584431,Pyme,Huancayo
1427,José Manuel Gabino Gual Valls,Nuevo,CE,2187113,Pyme,Tacna
1428,Valero Durán Barco,Nuevo,CE,82996091,Empresarial,Piura
1429,Ainara Maura Palomo Angulo,Recurrente,CE,74260944,Empresarial,Arequipa
1430,Elvira Francisco Berenguer,Nuevo,CE,82279468,Pyme,Arequipa
1431,Porfirio del Tirado,Nuevo,DNI,90997477,Personal,Lima
1432,Anna Piñeiro Llanos,Nuevo,DNI,28740453,Empresarial,Cusco
1433,Cruz Ortiz Santiago,Nuevo,DNI,22464318,Pyme,Huancayo
1434,Fortunata Torrens Bárcena,Recurrente,CE,84637700,Pyme,Puno
1435,Valero Reynaldo Sainz Riba,Recurrente,DNI,87490220,Empresarial,Cusco
1436,Jose Miguel Font Andrés,Nuevo,DNI,91434506,Personal,Tacna
1437,Rosario Cases Bayón,Nuevo,RUC,60915842,Pyme,Lima
1438,Joaquín Cañellas Yuste,Recurrente,CE,66104611,Pyme,Huancayo
1439,Carlito Guardiola Mendizábal,Recurrente,CE,77875614,Personal,Puno
1440,Carmelita Bru,Recurrente,CE,91718745,Personal,Arequipa
1441,Quique Avilés Cepeda,Recurrente,DNI,68630829,Personal,Iquitos
1442,María Calvo Valencia,Nuevo,DNI,10971477,Pyme,Cusco
1443,Yaiza Maestre Colomer,Recurrente,DNI,7783586,Personal,Iquitos
1444,Carmen Antón Figueras,Nuevo,CE,28515147,Pyme,Trujillo
1445,Marcos Urrutia Mercader,Recurrente,CE,67706316,Personal,Puno
1446,Serafina Ortiz Zabaleta,Recurrente,CE,20433576,Empresarial,Huancayo
1447,Anastasia Canet-Llorens,Nuevo,DNI,6794813,Personal,Iquitos
1448,Roque Sacristán,Recurrente,CE,60592405,Empresarial,Trujillo
1449,Sancho Franch-Cal,Recurrente,RUC,63658568,Empresarial,Iquitos
1450,Felicia Molins Carrera,Recurrente,RUC,47669822,Empresarial,Huancayo
1451,Emilia Mur Santamaría,Recurrente,CE,43367351,Personal,Puno
1452,José Piñol Benavente,Nuevo,RUC,81622493,Pyme,Chiclayo
1453,Pascual Giner Ferrando,Recurrente,RUC,9086165,Empresarial,Huancayo
1454,Tomás Garcés,Nuevo,CE,25651260,Personal,Chiclayo
1455,Omar Plana,Nuevo,CE,42468369,Personal,Chiclayo
1456,Fabiola Marqués Mármol,Nuevo,RUC,92138549,Personal,Cusco
1457,Borja Saavedra Vives,Recurrente,DNI,56334834,Pyme,Chiclayo
1458,Francisca Garzón Moraleda,Nuevo,DNI,61442169,Personal,Tacna
1459,Anselmo Cañizares Miró,Recurrente,DNI,87045689,Personal,Chiclayo
1460,Juanita Mosquera Perales,Recurrente,CE,23074696,Personal,Cusco
1461,Amarilis Valentín Ribes,Recurrente,RUC,42873548,Personal,Puno
1462,Juan Antonio Marin,Recurrente,CE,9595765,Personal,Arequipa
1463,Julio del Alcalá,Recurrente,RUC,86055816,Personal,Tacna
1464,Elisa del Malo,Nuevo,CE,52463120,Pyme,Chiclayo
1465,Eusebio Amador,Nuevo,CE,73341523,Pyme,Huancayo
1466,Rosalina Becerra Albero,Nuevo,DNI,33869940,Empresarial,Piura
1467,Ascensión Hernández Luís,Recurrente,RUC,35295940,Personal,Cusco
1468,Elodia de Pujol,Nuevo,CE,4365200,Pyme,Huancayo
1469,Buenaventura Cal Bermudez,Nuevo,RUC,15463110,Pyme,Lima
1470,Teo Tur Orozco,Recurrente,CE,15810062,Pyme,Trujillo
1471,Máximo Sandoval Martinez,Recurrente,CE,49598372,Pyme,Cusco
1472,Cristina del Pi,Nuevo,DNI,77456082,Pyme,Huancayo
1473,Eric Aramburu Hernando,Recurrente,CE,19541817,Pyme,Iquitos
1474,Roxana Lorenzo-Sanz,Nuevo,DNI,21114073,Empresarial,Chiclayo
1475,Valentín Poza-Sancho,Recurrente,DNI,82429065,Personal,Piura
1476,Trinidad Amaya Bosch,Nuevo,RUC,32516548,Pyme,Lima
1477,Marina Cuadrado,Recurrente,RUC,55015425,Personal,Huancayo
1478,Elisa Elorza Quirós,Recurrente,CE,60806050,Personal,Trujillo
1479,Wilfredo Almansa,Recurrente,CE,17409842,Personal,Tacna
1480,Santiago Mosquera Bautista,Recurrente,CE,34645572,Pyme,Cusco
1481,Purificación Chelo Santana Moliner,Nuevo,DNI,67610009,Personal,Chiclayo
1482,Julio César Cuesta,Recurrente,RUC,31592260,Pyme,Puno
1483,Adelardo Castrillo Alcázar,Nuevo,DNI,87020795,Pyme,Huancayo
1484,Lino de Luján,Recurrente,RUC,87433770,Empresarial,Cusco
1485,Sergio Julián Ayllón,Recurrente,RUC,90995877,Pyme,Lima
1486,Antonio Giner Abellán,Recurrente,DNI,14025012,Empresarial,Puno
1487,Mohamed Escribano-Luz,Recurrente,CE,69305656,Personal,Tacna
1488,Valentina Viana Atienza,Nuevo,DNI,34839026,Personal,Piura
1489,Celso Aramburu,Nuevo,CE,73067513,Personal,Arequipa
1490,Francisco Javier Segovia-Bolaños,Nuevo,DNI,9591403,Pyme,Trujillo
1491,Marisol Cabrera Aguilar,Recurrente,DNI,29823463,Empresarial,Arequipa
1492,Tomás Gibert Llabrés,Recurrente,RUC,59987910,Empresarial,Lima
1493,Javiera Zamorano Peralta,Recurrente,DNI,44402336,Pyme,Iquitos
1494,Eva Goñi Nadal,Nuevo,DNI,54646855,Pyme,Iquitos
1495,Juan Bautista Zaragoza Boada,Recurrente,CE,41229289,Empresarial,Puno
1496,Anselmo Girona Paniagua,Nuevo,CE,55181777,Pyme,Lima
1497,Osvaldo Ramírez Frías,Recurrente,CE,5886922,Pyme,Iquitos
1498,Julián Perez Llano,Nuevo,RUC,23147773,Personal,Lima
1499,Aurora de Garcia,Recurrente,DNI,9572689,Pyme,Puno
1500,Donato Solano Díaz,Recurrente,DNI,35754405,Empresarial,Lima
